Workbook
Name buyuksehir_ve_il_belediyeleri: Excel3!#REF!

Sheet laroux

Sheet Excel6
A1: İLÇE/İL | B1: BANKAADI | C1: ŞUBEADI | D1: BANKAKODU | E1: ŞUBEKODU | F1: IBAN | G1: IBANKONTROL | H1: YSVTUTARI | I1: BELEDİYEBAŞK. | J1: İLÇE1 | K1: İL1 | L1: TXTİÇİN | M1: POSTA İÇİN
A2: AKÇATEKİR / ADANA | B2: HALKBANKASI | C2: AKÇATEKİR | D2: 12 | E2: 90001 | F2: TR200001200916300007000004 | G2: =LEN(F2) -> 26 | H2: =IF(ISERROR(VLOOKUP(A2,Excel4!D:J,7,0)),0,VLOOKUP(A2,Excel4!D:J,7,0)) -> 0 | I2: BELEDİYE BAŞKANLIĞI | J2: AKÇATEKİR | K2: ADANA | L2: =IF(J2="MERKEZ",K2&" "&I2,IF(J2="BÜYÜKŞEHİR",K2&" "&J2&" "&I2,J2&" "&I2&" "&K2)) -> AKÇATEKİR BELEDİYE BAŞKANLIĞI ADANA | M2: =IF(J2="MERKEZ",K2,IF(J2="BÜYÜKŞEHİR",K2&" BÜYÜKŞEHİR",J2)) -> AKÇATEKİR
A3: ALADAĞ / ADANA | B3: ZİRAAT BANKASI | C3: ALADAĞ | D3: 10 | E3: 90001 | F3: TR510001001062301054525001 | G3: =LEN(F3) -> 26 | H3: =IF(ISERROR(VLOOKUP(A3,Excel4!D:J,7,0)),0,VLOOKUP(A3,Excel4!D:J,7,0)) -> 0 | I3: BELEDİYE BAŞKANLIĞI | J3: ALADAĞ | K3: ADANA | L3: =IF(J3="MERKEZ",K3&" "&I3,IF(J3="BÜYÜKŞEHİR",K3&" "&J3&" "&I3,J3&" "&I3&" "&K3)) -> ALADAĞ BELEDİYE BAŞKANLIĞI ADANA | M3: =IF(J3="MERKEZ",K3,IF(J3="BÜYÜKŞEHİR",K3&" BÜYÜKŞEHİR",J3)) -> ALADAĞ
A4: ADANA BÜYÜKŞEHİR / ADANA | B4: VAKIFBANK | C4: ADANA | D4: 15 | E4: 90001 | F4: TR110001500158007264554493 | G4: =LEN(F4) -> 26 | H4: =IF(ISERROR(VLOOKUP(A4,Excel4!D:J,7,0)),0,VLOOKUP(A4,Excel4!D:J,7,0)) -> 30476.1 | I4: BELEDİYE BAŞKANLIĞI | J4: BÜYÜKŞEHİR | K4: ADANA | L4: =IF(J4="MERKEZ",K4&" "&I4,IF(J4="BÜYÜKŞEHİR",K4&" "&J4&" "&I4,J4&" "&I4&" "&K4)) -> ADANA BÜYÜKŞEHİR BELEDİYE BAŞKANLIĞI | M4: =IF(J4="MERKEZ",K4,IF(J4="BÜYÜKŞEHİR",K4&" BÜYÜKŞEHİR",J4)) -> ADANA BÜYÜKŞEHİR | N4: =_xlfn.XLOOKUP(M4,[1]Sheet1!$A:$A,[1]Sheet1!$G:$G) -> 0
A5: CEYHAN / ADANA | B5: ZİRAAT BANKASI | C5: CEYHAN | D5: 10 | E5: 90001 | F5: TR380001000015480566185001 | G5: =LEN(F5) -> 26 | H5: =IF(ISERROR(VLOOKUP(A5,Excel4!D:J,7,0)),0,VLOOKUP(A5,Excel4!D:J,7,0)) -> 0 | I5: BELEDİYE BAŞKANLIĞI | J5: CEYHAN | K5: ADANA | L5: =IF(J5="MERKEZ",K5&" "&I5,IF(J5="BÜYÜKŞEHİR",K5&" "&J5&" "&I5,J5&" "&I5&" "&K5)) -> CEYHAN BELEDİYE BAŞKANLIĞI ADANA | M5: =IF(J5="MERKEZ",K5,IF(J5="BÜYÜKŞEHİR",K5&" BÜYÜKŞEHİR",J5)) -> CEYHAN
A6: ÇUKUROVA / ADANA | B6: ZİRAAT BANKASI | C6: ÇUKUROVA | D6: 10 | E6: 90001 | F6: TR850001001922523052755001 | G6: =LEN(F6) -> 26 | H6: =IF(ISERROR(VLOOKUP(A6,Excel4!D:J,7,0)),0,VLOOKUP(A6,Excel4!D:J,7,0)) -> 0 | I6: BELEDİYE BAŞKANLIĞI | J6: ÇUKUROVA | K6: ADANA | L6: =IF(J6="MERKEZ",K6&" "&I6,IF(J6="BÜYÜKŞEHİR",K6&" "&J6&" "&I6,J6&" "&I6&" "&K6)) -> ÇUKUROVA BELEDİYE BAŞKANLIĞI ADANA | M6: =IF(J6="MERKEZ",K6,IF(J6="BÜYÜKŞEHİR",K6&" BÜYÜKŞEHİR",J6)) -> ÇUKUROVA
A7: İMAMOĞLU / ADANA | B7: İŞ BANKASI | C7: İMAMOĞLU | D7: 64 | E7: 90001 | F7: TR190006400000160250241962 | G7: =LEN(F7) -> 26 | H7: =IF(ISERROR(VLOOKUP(A7,Excel4!D:J,7,0)),0,VLOOKUP(A7,Excel4!D:J,7,0)) -> 0 | I7: BELEDİYE BAŞKANLIĞI | J7: İMAMOĞLU | K7: ADANA | L7: =IF(J7="MERKEZ",K7&" "&I7,IF(J7="BÜYÜKŞEHİR",K7&" "&J7&" "&I7,J7&" "&I7&" "&K7)) -> İMAMOĞLU BELEDİYE BAŞKANLIĞI ADANA | M7: =IF(J7="MERKEZ",K7,IF(J7="BÜYÜKŞEHİR",K7&" BÜYÜKŞEHİR",J7)) -> İMAMOĞLU
A8: KARAİSALI / ADANA | B8: ZİRAAT BANKASI | C8: KARAİSALI | D8: 10 | E8: 90001 | F8: TR110001000017253406625001 | G8: =LEN(F8) -> 26 | H8: =IF(ISERROR(VLOOKUP(A8,Excel4!D:J,7,0)),0,VLOOKUP(A8,Excel4!D:J,7,0)) -> 0 | I8: BELEDİYE BAŞKANLIĞI | J8: KARAİSALI | K8: ADANA | L8: =IF(J8="MERKEZ",K8&" "&I8,IF(J8="BÜYÜKŞEHİR",K8&" "&J8&" "&I8,J8&" "&I8&" "&K8)) -> KARAİSALI BELEDİYE BAŞKANLIĞI ADANA | M8: =IF(J8="MERKEZ",K8,IF(J8="BÜYÜKŞEHİR",K8&" BÜYÜKŞEHİR",J8)) -> KARAİSALI
A9: KARATAŞ / ADANA | B9: ZİRAAT BANKASI | C9: KARATAŞ | D9: 10 | E9: 90001 | F9: TR330001000931304420615011 | G9: =LEN(F9) -> 26 | H9: =IF(ISERROR(VLOOKUP(A9,Excel4!D:J,7,0)),0,VLOOKUP(A9,Excel4!D:J,7,0)) -> 0 | I9: BELEDİYE BAŞKANLIĞI | J9: KARATAŞ | K9: ADANA | L9: =IF(J9="MERKEZ",K9&" "&I9,IF(J9="BÜYÜKŞEHİR",K9&" "&J9&" "&I9,J9&" "&I9&" "&K9)) -> KARATAŞ BELEDİYE BAŞKANLIĞI ADANA | M9: =IF(J9="MERKEZ",K9,IF(J9="BÜYÜKŞEHİR",K9&" BÜYÜKŞEHİR",J9)) -> KARATAŞ
A10: KOZAN / ADANA | B10: HALKBANKASI | C10: KOZAN | D10: 12 | E10: 90001 | F10: TR960001200916100007000004 | G10: =LEN(F10) -> 26 | H10: =IF(ISERROR(VLOOKUP(A10,Excel4!D:J,7,0)),0,VLOOKUP(A10,Excel4!D:J,7,0)) -> 0 | I10: BELEDİYE BAŞKANLIĞI | J10: KOZAN | K10: ADANA | L10: =IF(J10="MERKEZ",K10&" "&I10,IF(J10="BÜYÜKŞEHİR",K10&" "&J10&" "&I10,J10&" "&I10&" "&K10)) -> KOZAN BELEDİYE BAŞKANLIĞI ADANA | M10: =IF(J10="MERKEZ",K10,IF(J10="BÜYÜKŞEHİR",K10&" BÜYÜKŞEHİR",J10)) -> KOZAN
A11: POZANTI / ADANA | B11: ZİRAAT BANKASI | C11: POZANTI | D11: 10 | E11: 90001 | F11: TR930001000493333283045001 | G11: =LEN(F11) -> 26 | H11: =IF(ISERROR(VLOOKUP(A11,Excel4!D:J,7,0)),0,VLOOKUP(A11,Excel4!D:J,7,0)) -> 0 | I11: BELEDİYE BAŞKANLIĞI | J11: POZANTI | K11: ADANA | L11: =IF(J11="MERKEZ",K11&" "&I11,IF(J11="BÜYÜKŞEHİR",K11&" "&J11&" "&I11,J11&" "&I11&" "&K11)) -> POZANTI BELEDİYE BAŞKANLIĞI ADANA | M11: =IF(J11="MERKEZ",K11,IF(J11="BÜYÜKŞEHİR",K11&" BÜYÜKŞEHİR",J11)) -> POZANTI
A12: SEYHAN / ADANA | B12: VAKIFBANK | C12: SEYHAN | D12: 15 | E12: 90001 | F12: TR790001500158007281705682 | G12: =LEN(F12) -> 26 | H12: =IF(ISERROR(VLOOKUP(A12,Excel4!D:J,7,0)),0,VLOOKUP(A12,Excel4!D:J,7,0)) -> 0 | I12: BELEDİYE BAŞKANLIĞI | J12: SEYHAN | K12: ADANA | L12: =IF(J12="MERKEZ",K12&" "&I12,IF(J12="BÜYÜKŞEHİR",K12&" "&J12&" "&I12,J12&" "&I12&" "&K12)) -> SEYHAN BELEDİYE BAŞKANLIĞI ADANA | M12: =IF(J12="MERKEZ",K12,IF(J12="BÜYÜKŞEHİR",K12&" BÜYÜKŞEHİR",J12)) -> SEYHAN
A13: TUFANBEYLİ / ADANA | B13: ZİRAAT BANKASI | C13: TUFANBEYLİ | D13: 10 | E13: 90001 | F13: TR510001000573308580215008 | G13: =LEN(F13) -> 26 | H13: =IF(ISERROR(VLOOKUP(A13,Excel4!D:J,7,0)),0,VLOOKUP(A13,Excel4!D:J,7,0)) -> 0 | I13: BELEDİYE BAŞKANLIĞI | J13: TUFANBEYLİ | K13: ADANA | L13: =IF(J13="MERKEZ",K13&" "&I13,IF(J13="BÜYÜKŞEHİR",K13&" "&J13&" "&I13,J13&" "&I13&" "&K13)) -> TUFANBEYLİ BELEDİYE BAŞKANLIĞI ADANA | M13: =IF(J13="MERKEZ",K13,IF(J13="BÜYÜKŞEHİR",K13&" BÜYÜKŞEHİR",J13)) -> TUFANBEYLİ
A14: YUMURTALIK / ADANA | B14: ZİRAAT BANKASI | C14: YUMURTALIK | D14: 10 | E14: 90001 | F14: TR730001000612429091055008 | G14: =LEN(F14) -> 26 | H14: =IF(ISERROR(VLOOKUP(A14,Excel4!D:J,7,0)),0,VLOOKUP(A14,Excel4!D:J,7,0)) -> 0 | I14: BELEDİYE BAŞKANLIĞI | J14: YUMURTALIK | K14: ADANA | L14: =IF(J14="MERKEZ",K14&" "&I14,IF(J14="BÜYÜKŞEHİR",K14&" "&J14&" "&I14,J14&" "&I14&" "&K14)) -> YUMURTALIK BELEDİYE BAŞKANLIĞI ADANA | M14: =IF(J14="MERKEZ",K14,IF(J14="BÜYÜKŞEHİR",K14&" BÜYÜKŞEHİR",J14)) -> YUMURTALIK
A15: BESNİ / ADIYAMAN | B15: HALKBANKASI | C15: BESNİ | D15: 12 | E15: 90001 | F15: TR470001200918200007000005 | G15: =LEN(F15) -> 26 | H15: =IF(ISERROR(VLOOKUP(A15,Excel4!D:J,7,0)),0,VLOOKUP(A15,Excel4!D:J,7,0)) -> 71.07 | I15: BELEDİYE BAŞKANLIĞI | J15: BESNİ | K15: ADIYAMAN | L15: =IF(J15="MERKEZ",K15&" "&I15,IF(J15="BÜYÜKŞEHİR",K15&" "&J15&" "&I15,J15&" "&I15&" "&K15)) -> BESNİ BELEDİYE BAŞKANLIĞI ADIYAMAN | M15: =IF(J15="MERKEZ",K15,IF(J15="BÜYÜKŞEHİR",K15&" BÜYÜKŞEHİR",J15)) -> BESNİ | N15: =_xlfn.XLOOKUP(M15,[1]Sheet1!$A:$A,[1]Sheet1!$G:$G) -> 0
A16: BÖLÜKYAYLA / ADIYAMAN | B16: HALKBANKASI | C16: KAHTA | D16: 12 | E16: 90001 | F16: TR180001200125400007000009 | G16: =LEN(F16) -> 26 | H16: =IF(ISERROR(VLOOKUP(A16,Excel4!D:J,7,0)),0,VLOOKUP(A16,Excel4!D:J,7,0)) -> 0 | I16: BELEDİYE BAŞKANLIĞI | J16: BÖLÜKYAYLA | K16: ADIYAMAN | L16: =IF(J16="MERKEZ",K16&" "&I16,IF(J16="BÜYÜKŞEHİR",K16&" "&J16&" "&I16,J16&" "&I16&" "&K16)) -> BÖLÜKYAYLA BELEDİYE BAŞKANLIĞI ADIYAMAN | M16: =IF(J16="MERKEZ",K16,IF(J16="BÜYÜKŞEHİR",K16&" BÜYÜKŞEHİR",J16)) -> BÖLÜKYAYLA
A17: ÇAKIRHÜYÜK / ADIYAMAN | B17: HALKBANKASI | C17: BESNİ | D17: 12 | E17: 90001 | F17: TR840001200918200004000002 | G17: =LEN(F17) -> 26 | H17: =IF(ISERROR(VLOOKUP(A17,Excel4!D:J,7,0)),0,VLOOKUP(A17,Excel4!D:J,7,0)) -> 0 | I17: BELEDİYE BAŞKANLIĞI | J17: ÇAKIRHÜYÜK | K17: ADIYAMAN | L17: =IF(J17="MERKEZ",K17&" "&I17,IF(J17="BÜYÜKŞEHİR",K17&" "&J17&" "&I17,J17&" "&I17&" "&K17)) -> ÇAKIRHÜYÜK BELEDİYE BAŞKANLIĞI ADIYAMAN | M17: =IF(J17="MERKEZ",K17,IF(J17="BÜYÜKŞEHİR",K17&" BÜYÜKŞEHİR",J17)) -> ÇAKIRHÜYÜK
A18: ÇELİKHAN / ADIYAMAN | B18: ZİRAAT BANKASI | C18: ÇELİKHAN | D18: 10 | E18: 90001 | F18: TR880001000695286188985001 | G18: 26 | H18: =IF(ISERROR(VLOOKUP(A18,Excel4!D:J,7,0)),0,VLOOKUP(A18,Excel4!D:J,7,0)) -> 42.54 | I18: BELEDİYE BAŞKANLIĞI | J18: ÇELİKHAN | K18: ADIYAMAN | L18: =IF(J18="MERKEZ",K18&" "&I18,IF(J18="BÜYÜKŞEHİR",K18&" "&J18&" "&I18,J18&" "&I18&" "&K18)) -> ÇELİKHAN BELEDİYE BAŞKANLIĞI ADIYAMAN | M18: =IF(J18="MERKEZ",K18,IF(J18="BÜYÜKŞEHİR",K18&" BÜYÜKŞEHİR",J18)) -> ÇELİKHAN | N18: =_xlfn.XLOOKUP(M18,[1]Sheet1!$A:$A,[1]Sheet1!$G:$G) -> 0
A19: GERGER / ADIYAMAN | B19: ZİRAAT BANKASI | C19: GERGER | D19: 10 | E19: 90001 | F19: TR880001000690254849425001 | G19: 26 | H19: =IF(ISERROR(VLOOKUP(A19,Excel4!D:J,7,0)),0,VLOOKUP(A19,Excel4!D:J,7,0)) -> 0 | I19: BELEDİYE BAŞKANLIĞI | J19: GERGER | K19: ADIYAMAN | L19: =IF(J19="MERKEZ",K19&" "&I19,IF(J19="BÜYÜKŞEHİR",K19&" "&J19&" "&I19,J19&" "&I19&" "&K19)) -> GERGER BELEDİYE BAŞKANLIĞI ADIYAMAN | M19: =IF(J19="MERKEZ",K19,IF(J19="BÜYÜKŞEHİR",K19&" BÜYÜKŞEHİR",J19)) -> GERGER
A20: GÖLBAŞI / ADIYAMAN | B20: ZİRAAT BANKASI | C20: GÖLBAŞI | D20: 10 | E20: 90001 | F20: TR760001000643294316505006 | G20: =LEN(F20) -> 26 | H20: =IF(ISERROR(VLOOKUP(A20,Excel4!D:J,7,0)),0,VLOOKUP(A20,Excel4!D:J,7,0)) -> 22.29 | I20: BELEDİYE BAŞKANLIĞI | J20: GÖLBAŞI | K20: ADIYAMAN | L20: =IF(J20="MERKEZ",K20&" "&I20,IF(J20="BÜYÜKŞEHİR",K20&" "&J20&" "&I20,J20&" "&I20&" "&K20)) -> GÖLBAŞI BELEDİYE BAŞKANLIĞI ADIYAMAN | M20: =IF(J20="MERKEZ",K20,IF(J20="BÜYÜKŞEHİR",K20&" BÜYÜKŞEHİR",J20)) -> GÖLBAŞI | N20: =_xlfn.XLOOKUP(M20,[1]Sheet1!$A:$A,[1]Sheet1!$G:$G) -> 0
A21: KAHTA / ADIYAMAN | B21: HALKBANKASI | C21: KAHTA | D21: 12 | E21: 90001 | F21: TR340001200125400007000012 | G21: =LEN(F21) -> 26 | H21: =IF(ISERROR(VLOOKUP(A21,Excel4!D:J,7,0)),0,VLOOKUP(A21,Excel4!D:J,7,0)) -> 505.69 | I21: BELEDİYE BAŞKANLIĞI | J21: KAHTA | K21: ADIYAMAN | L21: =IF(J21="MERKEZ",K21&" "&I21,IF(J21="BÜYÜKŞEHİR",K21&" "&J21&" "&I21,J21&" "&I21&" "&K21)) -> KAHTA BELEDİYE BAŞKANLIĞI ADIYAMAN | M21: =IF(J21="MERKEZ",K21,IF(J21="BÜYÜKŞEHİR",K21&" BÜYÜKŞEHİR",J21)) -> KAHTA | N21: =_xlfn.XLOOKUP(M21,[1]Sheet1!$A:$A,[1]Sheet1!$G:$G) -> 0
A22: KARICIK / ADIYAMAN | B22: HALKBANKASI | C22: MERKEZ | D22: 12 | E22: 9181 | F22: TR690001200918100007000002 | G22: =LEN(F22) -> 26 | H22: =IF(ISERROR(VLOOKUP(A22,Excel4!D:J,7,0)),0,VLOOKUP(A22,Excel4!D:J,7,0)) -> 0 | I22: BELEDİYE BAŞKANLIĞI | J22: KARICIK | K22: ADIYAMAN | L22: =IF(J22="MERKEZ",K22&" "&I22,IF(J22="BÜYÜKŞEHİR",K22&" "&J22&" "&I22,J22&" "&I22&" "&K22)) -> KARICIK BELEDİYE BAŞKANLIĞI ADIYAMAN | M22: =IF(J22="MERKEZ",K22,IF(J22="BÜYÜKŞEHİR",K22&" BÜYÜKŞEHİR",J22)) -> KARICIK
A23: KESMETEPE / ADIYAMAN | B23: DENİZBANK | C23: BESNİ ŞB. | D23: 134 | E23: 90001 | F23: TR590013400001723064700003 | G23: =LEN(F23) -> 26 | H23: =IF(ISERROR(VLOOKUP(A23,Excel4!D:J,7,0)),0,VLOOKUP(A23,Excel4!D:J,7,0)) -> 0 | I23: BELEDİYE BAŞKANLIĞI | J23: KESMETEPE | K23: ADIYAMAN | L23: =IF(J23="MERKEZ",K23&" "&I23,IF(J23="BÜYÜKŞEHİR",K23&" "&J23&" "&I23,J23&" "&I23&" "&K23)) -> KESMETEPE BELEDİYE BAŞKANLIĞI ADIYAMAN | M23: =IF(J23="MERKEZ",K23,IF(J23="BÜYÜKŞEHİR",K23&" BÜYÜKŞEHİR",J23)) -> KESMETEPE
A24: KÖMÜR / ADIYAMAN | B24: HALKBANKASI | C24: ADIYAMAN ŞB. | D24: 12 | E24: 90001 | F24: TR360001200918100007000014 | G24: =LEN(F24) -> 26 | H24: =IF(ISERROR(VLOOKUP(A24,Excel4!D:J,7,0)),0,VLOOKUP(A24,Excel4!D:J,7,0)) -> 0 | I24: BELEDİYE BAŞKANLIĞI | J24: KÖMÜR | K24: ADIYAMAN | L24: =IF(J24="MERKEZ",K24&" "&I24,IF(J24="BÜYÜKŞEHİR",K24&" "&J24&" "&I24,J24&" "&I24&" "&K24)) -> KÖMÜR BELEDİYE BAŞKANLIĞI ADIYAMAN | M24: =IF(J24="MERKEZ",K24,IF(J24="BÜYÜKŞEHİR",K24&" BÜYÜKŞEHİR",J24)) -> KÖMÜR
A25: MERKEZ / ADIYAMAN | B25: HALKBANKASI | C25: MERKEZ | D25: 12 | E25: 90001 | F25: TR690001200918100007000002 | G25: =LEN(F25) -> 26 | H25: =IF(ISERROR(VLOOKUP(A25,Excel4!D:J,7,0)),0,VLOOKUP(A25,Excel4!D:J,7,0)) -> 2603.94 | I25: BELEDİYE BAŞKANLIĞI | J25: MERKEZ | K25: ADIYAMAN | L25: =IF(J25="MERKEZ",K25&" "&I25,IF(J25="BÜYÜKŞEHİR",K25&" "&J25&" "&I25,J25&" "&I25&" "&K25)) -> ADIYAMAN BELEDİYE BAŞKANLIĞI | M25: =IF(J25="MERKEZ",K25,IF(J25="BÜYÜKŞEHİR",K25&" BÜYÜKŞEHİR",J25)) -> ADIYAMAN | N25: =_xlfn.XLOOKUP(M25,[1]Sheet1!$C:$C,[1]Sheet1!$G:$G) -> #N/A
A26: SAMSAT / ADIYAMAN | B26: ZİRAAT BANKASI | C26: SAMSAT | D26: 10 | E26: 90001 | F26: TR880001000689255305595002 | G26: =LEN(F26) -> 26 | H26: =IF(ISERROR(VLOOKUP(A26,Excel4!D:J,7,0)),0,VLOOKUP(A26,Excel4!D:J,7,0)) -> 0 | I26: BELEDİYE BAŞKANLIĞI | J26: SAMSAT | K26: ADIYAMAN | L26: =IF(J26="MERKEZ",K26&" "&I26,IF(J26="BÜYÜKŞEHİR",K26&" "&J26&" "&I26,J26&" "&I26&" "&K26)) -> SAMSAT BELEDİYE BAŞKANLIĞI ADIYAMAN | M26: =IF(J26="MERKEZ",K26,IF(J26="BÜYÜKŞEHİR",K26&" BÜYÜKŞEHİR",J26)) -> SAMSAT
A27: SİNCİK / ADIYAMAN | B27: HALKBANKASI | C27: SİNCİK | D27: 12 | E27: 90001 | F27: TR130001200125400007000002 | G27: =LEN(F27) -> 26 | H27: =IF(ISERROR(VLOOKUP(A27,Excel4!D:J,7,0)),0,VLOOKUP(A27,Excel4!D:J,7,0)) -> 0 | I27: BELEDİYE BAŞKANLIĞI | J27: SİNCİK | K27: ADIYAMAN | L27: =IF(J27="MERKEZ",K27&" "&I27,IF(J27="BÜYÜKŞEHİR",K27&" "&J27&" "&I27,J27&" "&I27&" "&K27)) -> SİNCİK BELEDİYE BAŞKANLIĞI ADIYAMAN | M27: =IF(J27="MERKEZ",K27,IF(J27="BÜYÜKŞEHİR",K27&" BÜYÜKŞEHİR",J27)) -> SİNCİK | N27: =_xlfn.XLOOKUP(M27,[1]Sheet1!$A:$A,[1]Sheet1!$G:$G) -> 0
A28: ŞAMBAYAT / ADIYAMAN | B28: HALKBANKASI | C28: BESNİ | D28: 12 | E28: 90001 | F28: TR310001200918200007000099 | G28: =LEN(F28) -> 26 | H28: =IF(ISERROR(VLOOKUP(A28,Excel4!D:J,7,0)),0,VLOOKUP(A28,Excel4!D:J,7,0)) -> 0 | I28: BELEDİYE BAŞKANLIĞI | J28: ŞAMBAYAT | K28: ADIYAMAN | L28: =IF(J28="MERKEZ",K28&" "&I28,IF(J28="BÜYÜKŞEHİR",K28&" "&J28&" "&I28,J28&" "&I28&" "&K28)) -> ŞAMBAYAT BELEDİYE BAŞKANLIĞI ADIYAMAN | M28: =IF(J28="MERKEZ",K28,IF(J28="BÜYÜKŞEHİR",K28&" BÜYÜKŞEHİR",J28)) -> ŞAMBAYAT
A29: TUT / ADIYAMAN | B29: HALKBANKASI | C29: GÖLBAŞI | D29: 12 | E29: 90001 | F29: TR390001200125600007000009 | G29: =LEN(F29) -> 26 | H29: =IF(ISERROR(VLOOKUP(A29,Excel4!D:J,7,0)),0,VLOOKUP(A29,Excel4!D:J,7,0)) -> 0 | I29: BELEDİYE BAŞKANLIĞI | J29: TUT | K29: ADIYAMAN | L29: =IF(J29="MERKEZ",K29&" "&I29,IF(J29="BÜYÜKŞEHİR",K29&" "&J29&" "&I29,J29&" "&I29&" "&K29)) -> TUT BELEDİYE BAŞKANLIĞI ADIYAMAN | M29: =IF(J29="MERKEZ",K29,IF(J29="BÜYÜKŞEHİR",K29&" BÜYÜKŞEHİR",J29)) -> TUT
A30: YAYLAKONAK / ADIYAMAN | B30: HALKBANKASI | C30: ADIYAMAN MERKEZ ŞB. | D30: 12 | E30: 90001 | F30: TR950001200918100007000019 | G30: =LEN(F30) -> 26 | H30: =IF(ISERROR(VLOOKUP(A30,Excel4!D:J,7,0)),0,VLOOKUP(A30,Excel4!D:J,7,0)) -> 0 | I30: BELEDİYE BAŞKANLIĞI | J30: YAYLAKONAK | K30: ADIYAMAN | L30: =IF(J30="MERKEZ",K30&" "&I30,IF(J30="BÜYÜKŞEHİR",K30&" "&J30&" "&I30,J30&" "&I30&" "&K30)) -> YAYLAKONAK BELEDİYE BAŞKANLIĞI ADIYAMAN | M30: =IF(J30="MERKEZ",K30,IF(J30="BÜYÜKŞEHİR",K30&" BÜYÜKŞEHİR",J30)) -> YAYLAKONAK
A31: AKHARIM / AFYONKARAHİSAR | B31: ZİRAAT BANKASI | C31: SANDIKLI | D31: 10 | E31: 90001 | F31: TR850001000024336841785001 | G31: =LEN(F31) -> 26 | H31: =IF(ISERROR(VLOOKUP(A31,Excel4!D:J,7,0)),0,VLOOKUP(A31,Excel4!D:J,7,0)) -> 0 | I31: BELEDİYE BAŞKANLIĞI | J31: AKHARIM | K31: AFYON | L31: =IF(J31="MERKEZ",K31&" "&I31,IF(J31="BÜYÜKŞEHİR",K31&" "&J31&" "&I31,J31&" "&I31&" "&K31)) -> AKHARIM BELEDİYE BAŞKANLIĞI AFYON | M31: =IF(J31="MERKEZ",K31,IF(J31="BÜYÜKŞEHİR",K31&" BÜYÜKŞEHİR",J31)) -> AKHARIM
A32: AKÖREN / AFYONKARAHİSAR | B32: ZİRAAT BANKASI | C32: SİNANPAŞA | D32: 10 | E32: 90001 | F32: TR200001000517325702945001 | G32: =LEN(F32) -> 26 | H32: =IF(ISERROR(VLOOKUP(A32,Excel4!D:J,7,0)),0,VLOOKUP(A32,Excel4!D:J,7,0)) -> 0 | I32: BELEDİYE BAŞKANLIĞI | J32: AKÖREN | K32: AFYON | L32: =IF(J32="MERKEZ",K32&" "&I32,IF(J32="BÜYÜKŞEHİR",K32&" "&J32&" "&I32,J32&" "&I32&" "&K32)) -> AKÖREN BELEDİYE BAŞKANLIĞI AFYON | M32: =IF(J32="MERKEZ",K32,IF(J32="BÜYÜKŞEHİR",K32&" BÜYÜKŞEHİR",J32)) -> AKÖREN
A33: BAŞMAKÇI / AFYONKARAHİSAR | B33: ZİRAAT BANKASI | C33: BAŞMAKÇI | D33: 10 | E33: 90001 | F33: TR900001000786067327855001 | G33: =LEN(F33) -> 26 | H33: =IF(ISERROR(VLOOKUP(A33,Excel4!D:J,7,0)),0,VLOOKUP(A33,Excel4!D:J,7,0)) -> 0 | I33: BELEDİYE BAŞKANLIĞI | J33: BAŞMAKÇI | K33: AFYON | L33: =IF(J33="MERKEZ",K33&" "&I33,IF(J33="BÜYÜKŞEHİR",K33&" "&J33&" "&I33,J33&" "&I33&" "&K33)) -> BAŞMAKÇI BELEDİYE BAŞKANLIĞI AFYON | M33: =IF(J33="MERKEZ",K33,IF(J33="BÜYÜKŞEHİR",K33&" BÜYÜKŞEHİR",J33)) -> BAŞMAKÇI | N33: =_xlfn.XLOOKUP(M33,[1]Sheet1!$A:$A,[1]Sheet1!$G:$G) -> 0
A34: BAYAT / AFYONKARAHİSAR | B34: ZİRAAT BANKASI | C34: BAYAT | D34: 10 | E34: 90001 | F34: TR150001000971278317465001 | G34: =LEN(F34) -> 26 | H34: =IF(ISERROR(VLOOKUP(A34,Excel4!D:J,7,0)),0,VLOOKUP(A34,Excel4!D:J,7,0)) -> 0 | I34: BELEDİYE BAŞKANLIĞI | J34: BAYAT | K34: AFYON | L34: =IF(J34="MERKEZ",K34&" "&I34,IF(J34="BÜYÜKŞEHİR",K34&" "&J34&" "&I34,J34&" "&I34&" "&K34)) -> BAYAT BELEDİYE BAŞKANLIĞI AFYON | M34: =IF(J34="MERKEZ",K34,IF(J34="BÜYÜKŞEHİR",K34&" BÜYÜKŞEHİR",J34)) -> BAYAT
A35: BEYYAZI / AFYONKARAHİSAR | B35: ZİRAAT BANKASI | C35: MERKEZ | D35: 10 | E35: 90001 | F35: TR100001000021364301565001 | G35: =LEN(F35) -> 26 | H35: =IF(ISERROR(VLOOKUP(A35,Excel4!D:J,7,0)),0,VLOOKUP(A35,Excel4!D:J,7,0)) -> 0 | I35: BELEDİYE BAŞKANLIĞI | J35: BEYYAZI | K35: AFYON | L35: =IF(J35="MERKEZ",K35&" "&I35,IF(J35="BÜYÜKŞEHİR",K35&" "&J35&" "&I35,J35&" "&I35&" "&K35)) -> BEYYAZI BELEDİYE BAŞKANLIĞI AFYON | M35: =IF(J35="MERKEZ",K35,IF(J35="BÜYÜKŞEHİR",K35&" BÜYÜKŞEHİR",J35)) -> BEYYAZI
A36: BOLVADİN / AFYONKARAHİSAR | B36: HALKBANKASI | C36: BOLVADİN | D36: 12 | E36: 90001 | F36: TR460001200918600007000003 | G36: =LEN(F36) -> 26 | H36: =IF(ISERROR(VLOOKUP(A36,Excel4!D:J,7,0)),0,VLOOKUP(A36,Excel4!D:J,7,0)) -> 66.94 | I36: BELEDİYE BAŞKANLIĞI | J36: BOLVADİN | K36: AFYON | L36: =IF(J36="MERKEZ",K36&" "&I36,IF(J36="BÜYÜKŞEHİR",K36&" "&J36&" "&I36,J36&" "&I36&" "&K36)) -> BOLVADİN BELEDİYE BAŞKANLIĞI AFYON | M36: =IF(J36="MERKEZ",K36,IF(J36="BÜYÜKŞEHİR",K36&" BÜYÜKŞEHİR",J36)) -> BOLVADİN | N36: =_xlfn.XLOOKUP(M36,[1]Sheet1!$C:$C,[1]Sheet1!$G:$G) -> #N/A
A37: BÜYÜKKALECİK / AFYONKARAHİSAR | B37: VAKIFBANK | C37: MERKEZ | D37: 15 | E37: 90001 | F37: TR610001500158007292262225 | G37: =LEN(F37) -> 26 | H37: =IF(ISERROR(VLOOKUP(A37,Excel4!D:J,7,0)),0,VLOOKUP(A37,Excel4!D:J,7,0)) -> 0 | I37: BELEDİYE BAŞKANLIĞI | J37: BÜYÜKKALECİK | K37: AFYON | L37: =IF(J37="MERKEZ",K37&" "&I37,IF(J37="BÜYÜKŞEHİR",K37&" "&J37&" "&I37,J37&" "&I37&" "&K37)) -> BÜYÜKKALECİK BELEDİYE BAŞKANLIĞI AFYON | M37: =IF(J37="MERKEZ",K37,IF(J37="BÜYÜKŞEHİR",K37&" BÜYÜKŞEHİR",J37)) -> BÜYÜKKALECİK
A38: ÇAY / AFYONKARAHİSAR | B38: HALKBANKASI | C38: ÇAY | D38: 12 | E38: 90001 | F38: TR940001200918800007000002 | G38: =LEN(F38) -> 26 | H38: =IF(ISERROR(VLOOKUP(A38,Excel4!D:J,7,0)),0,VLOOKUP(A38,Excel4!D:J,7,0)) -> 5176.35 | I38: BELEDİYE BAŞKANLIĞI | J38: ÇAY | K38: AFYON | L38: =IF(J38="MERKEZ",K38&" "&I38,IF(J38="BÜYÜKŞEHİR",K38&" "&J38&" "&I38,J38&" "&I38&" "&K38)) -> ÇAY BELEDİYE BAŞKANLIĞI AFYON | M38: =IF(J38="MERKEZ",K38,IF(J38="BÜYÜKŞEHİR",K38&" BÜYÜKŞEHİR",J38)) -> ÇAY
A39: ÇAYIRBAĞ / AFYONKARAHİSAR | B39: ZİRAAT BANKASI | C39: ORGANİZE SANAYİ | D39: 10 | E39: 90001 | F39: TR070001002067364301335006 | G39: =LEN(F39) -> 26 | H39: =IF(ISERROR(VLOOKUP(A39,Excel4!D:J,7,0)),0,VLOOKUP(A39,Excel4!D:J,7,0)) -> 0 | I39: BELEDİYE BAŞKANLIĞI | J39: ÇAYIRBAĞ | K39: AFYON | L39: =IF(J39="MERKEZ",K39&" "&I39,IF(J39="BÜYÜKŞEHİR",K39&" "&J39&" "&I39,J39&" "&I39&" "&K39)) -> ÇAYIRBAĞ BELEDİYE BAŞKANLIĞI AFYON | M39: =IF(J39="MERKEZ",K39,IF(J39="BÜYÜKŞEHİR",K39&" BÜYÜKŞEHİR",J39)) -> ÇAYIRBAĞ
A40: ÇIKRIK / AFYONKARAHİSAR | B40: HALKBANK | C40: ORGANİZE SANAYİ ŞB | D40: 12 | E40: 90001 | F40: TR490001200918900007000031 | G40: =LEN(F40) -> 26 | H40: =IF(ISERROR(VLOOKUP(A40,Excel4!D:J,7,0)),0,VLOOKUP(A40,Excel4!D:J,7,0)) -> 0 | I40: BELEDİYE BAŞKANLIĞI | J40: ÇIKRIK | K40: AFYON | L40: =IF(J40="MERKEZ",K40&" "&I40,IF(J40="BÜYÜKŞEHİR",K40&" "&J40&" "&I40,J40&" "&I40&" "&K40)) -> ÇIKRIK BELEDİYE BAŞKANLIĞI AFYON | M40: =IF(J40="MERKEZ",K40,IF(J40="BÜYÜKŞEHİR",K40&" BÜYÜKŞEHİR",J40)) -> ÇIKRIK
A41: ÇOBANLAR / AFYONKARAHİSAR | B41: ZİRAAT BANKASI | C41: ÇOBANLAR | D41: 10 | E41: 90001 | F41: TR520001001654290667405001 | G41: =LEN(F41) -> 26 | H41: =IF(ISERROR(VLOOKUP(A41,Excel4!D:J,7,0)),0,VLOOKUP(A41,Excel4!D:J,7,0)) -> 0 | I41: BELEDİYE BAŞKANLIĞI | J41: ÇOBANLAR | K41: AFYON | L41: =IF(J41="MERKEZ",K41&" "&I41,IF(J41="BÜYÜKŞEHİR",K41&" "&J41&" "&I41,J41&" "&I41&" "&K41)) -> ÇOBANLAR BELEDİYE BAŞKANLIĞI AFYON | M41: =IF(J41="MERKEZ",K41,IF(J41="BÜYÜKŞEHİR",K41&" BÜYÜKŞEHİR",J41)) -> ÇOBANLAR
A42: DAVULGA / AFYONKARAHİSAR | B42: HALKBANKASI | C42: EMİRDAĞ | D42: 12 | E42: 90001 | F42: TR350001200918700007000002 | G42: =LEN(F42) -> 26 | H42: =IF(ISERROR(VLOOKUP(A42,Excel4!D:J,7,0)),0,VLOOKUP(A42,Excel4!D:J,7,0)) -> 0 | I42: BELEDİYE BAŞKANLIĞI | J42: DAVULGA | K42: AFYON | L42: =IF(J42="MERKEZ",K42&" "&I42,IF(J42="BÜYÜKŞEHİR",K42&" "&J42&" "&I42,J42&" "&I42&" "&K42)) -> DAVULGA BELEDİYE BAŞKANLIĞI AFYON | M42: =IF(J42="MERKEZ",K42,IF(J42="BÜYÜKŞEHİR",K42&" BÜYÜKŞEHİR",J42)) -> DAVULGA
A43: DAZKIRI / AFYONKARAHİSAR | B43: ZİRAAT BANKASI | C43: DAZKIRI | D43: 10 | E43: 90001 | F43: TR150001000619326844565001 | G43: =LEN(F43) -> 26 | H43: =IF(ISERROR(VLOOKUP(A43,Excel4!D:J,7,0)),0,VLOOKUP(A43,Excel4!D:J,7,0)) -> 204.95 | I43: BELEDİYE BAŞKANLIĞI | J43: DAZKIRI | K43: AFYON | L43: =IF(J43="MERKEZ",K43&" "&I43,IF(J43="BÜYÜKŞEHİR",K43&" "&J43&" "&I43,J43&" "&I43&" "&K43)) -> DAZKIRI BELEDİYE BAŞKANLIĞI AFYON | M43: =IF(J43="MERKEZ",K43,IF(J43="BÜYÜKŞEHİR",K43&" BÜYÜKŞEHİR",J43)) -> DAZKIRI | N43: =_xlfn.XLOOKUP(M43,[1]Sheet1!$A:$A,[1]Sheet1!$G:$G) -> 0
A44: DEĞİRMENAYVALI / AFYONKARAHİSAR | B44: HALKBANKASI | C44: AFYON | D44: 12 | E44: 90001 | F44: TR230001200918300007000044 | G44: =LEN(F44) -> 26 | H44: =IF(ISERROR(VLOOKUP(A44,Excel4!D:J,7,0)),0,VLOOKUP(A44,Excel4!D:J,7,0)) -> 0 | I44: BELEDİYE BAŞKANLIĞI | J44: DEĞİRMENAYVALI | K44: =C44 -> AFYON | L44: =IF(J44="MERKEZ",K44&" "&I44,IF(J44="BÜYÜKŞEHİR",K44&" "&J44&" "&I44,J44&" "&I44&" "&K44)) -> DEĞİRMENAYVALI BELEDİYE BAŞKANLIĞI AFYON | M44: =IF(J44="MERKEZ",K44,IF(J44="BÜYÜKŞEHİR",K44&" BÜYÜKŞEHİR",J44)) -> DEĞİRMENAYVALI
A45: DİNAR / AFYONKARAHİSAR | B45: VAKIFBANK | C45: DİNAR | D45: 15 | E45: 90001 | F45: TR660001500158007262880544 | G45: =LEN(F45) -> 26 | H45: =IF(ISERROR(VLOOKUP(A45,Excel4!D:J,7,0)),0,VLOOKUP(A45,Excel4!D:J,7,0)) -> 232.5 | I45: BELEDİYE BAŞKANLIĞI | J45: DİNAR | K45: AFYON | L45: =IF(J45="MERKEZ",K45&" "&I45,IF(J45="BÜYÜKŞEHİR",K45&" "&J45&" "&I45,J45&" "&I45&" "&K45)) -> DİNAR BELEDİYE BAŞKANLIĞI AFYON | M45: =IF(J45="MERKEZ",K45,IF(J45="BÜYÜKŞEHİR",K45&" BÜYÜKŞEHİR",J45)) -> DİNAR | N45: =_xlfn.XLOOKUP(M45,[1]Sheet1!$A:$A,[1]Sheet1!$G:$G) -> 0
A46: DİŞLİ / AFYONKARAHİSAR | B46: ZİRAAT BANKASI | C46: BOLVADİN | D46: 10 | E46: 90001 | F46: TR880001000022329961195001 | G46: =LEN(F46) -> 26 | H46: =IF(ISERROR(VLOOKUP(A46,Excel4!D:J,7,0)),0,VLOOKUP(A46,Excel4!D:J,7,0)) -> 0 | I46: BELEDİYE BAŞKANLIĞI | J46: DİŞLİ | K46: AFYON | L46: =IF(J46="MERKEZ",K46&" "&I46,IF(J46="BÜYÜKŞEHİR",K46&" "&J46&" "&I46,J46&" "&I46&" "&K46)) -> DİŞLİ BELEDİYE BAŞKANLIĞI AFYON | M46: =IF(J46="MERKEZ",K46,IF(J46="BÜYÜKŞEHİR",K46&" BÜYÜKŞEHİR",J46)) -> DİŞLİ
A47: EMİRDAĞ / AFYONKARAHİSAR | B47: ZİRAAT BANKASI | C47: EMİRDAĞ | D47: 10 | E47: 90001 | F47: TR750001000025326349635019 | G47: =LEN(F47) -> 26 | H47: =IF(ISERROR(VLOOKUP(A47,Excel4!D:J,7,0)),0,VLOOKUP(A47,Excel4!D:J,7,0)) -> 114.25 | I47: BELEDİYE BAŞKANLIĞI | J47: EMİRDAĞ | K47: AFYON | L47: =IF(J47="MERKEZ",K47&" "&I47,IF(J47="BÜYÜKŞEHİR",K47&" "&J47&" "&I47,J47&" "&I47&" "&K47)) -> EMİRDAĞ BELEDİYE BAŞKANLIĞI AFYON | M47: =IF(J47="MERKEZ",K47,IF(J47="BÜYÜKŞEHİR",K47&" BÜYÜKŞEHİR",J47)) -> EMİRDAĞ
A48: ERKMEN / AFYONKARAHİSAR | B48: VAKIFBANK | C48: MERKEZ | D48: 15 | E48: 90001 | F48: TR160001500158007290400635 | G48: =LEN(F48) -> 26 | H48: =IF(ISERROR(VLOOKUP(A48,Excel4!D:J,7,0)),0,VLOOKUP(A48,Excel4!D:J,7,0)) -> 0 | I48: BELEDİYE BAŞKANLIĞI | J48: ERKMEN | K48: AFYON | L48: =IF(J48="MERKEZ",K48&" "&I48,IF(J48="BÜYÜKŞEHİR",K48&" "&J48&" "&I48,J48&" "&I48&" "&K48)) -> ERKMEN BELEDİYE BAŞKANLIĞI AFYON | M48: =IF(J48="MERKEZ",K48,IF(J48="BÜYÜKŞEHİR",K48&" BÜYÜKŞEHİR",J48)) -> ERKMEN
A49: EVCİLER / AFYONKARAHİSAR | B49: ZİRAAT BANKASI | C49: EVCİLER | D49: 10 | E49: 90001 | F49: TR090001001045285912345002 | G49: =LEN(F49) -> 26 | H49: =IF(ISERROR(VLOOKUP(A49,Excel4!D:J,7,0)),0,VLOOKUP(A49,Excel4!D:J,7,0)) -> 0 | I49: BELEDİYE BAŞKANLIĞI | J49: EVCİLER | K49: AFYON | L49: =IF(J49="MERKEZ",K49&" "&I49,IF(J49="BÜYÜKŞEHİR",K49&" "&J49&" "&I49,J49&" "&I49&" "&K49)) -> EVCİLER BELEDİYE BAŞKANLIĞI AFYON | M49: =IF(J49="MERKEZ",K49,IF(J49="BÜYÜKŞEHİR",K49&" BÜYÜKŞEHİR",J49)) -> EVCİLER
A50: FETHİBEY / AFYONKARAHİSAR | B50: HALKBANKASI | C50: MERKEZ | D50: 12 | E50: 90001 | F50: TR290001200918300007000033 | G50: =LEN(F50) -> 26 | H50: =IF(ISERROR(VLOOKUP(A50,Excel4!D:J,7,0)),0,VLOOKUP(A50,Excel4!D:J,7,0)) -> 0 | I50: BELEDİYE BAŞKANLIĞI | J50: FETHİBEY | K50: AFYON | L50: =IF(J50="MERKEZ",K50&" "&I50,IF(J50="BÜYÜKŞEHİR",K50&" "&J50&" "&I50,J50&" "&I50&" "&K50)) -> FETHİBEY BELEDİYE BAŞKANLIĞI AFYON | M50: =IF(J50="MERKEZ",K50,IF(J50="BÜYÜKŞEHİR",K50&" BÜYÜKŞEHİR",J50)) -> FETHİBEY
A51: GEBECELER / AFYONKARAHİSAR | B51: VAKIFBANK | C51: ORGANİZE SANAYİ | D51: 15 | E51: 90001 | F51: TR310001500158007302817044 | G51: =LEN(F51) -> 26 | H51: =IF(ISERROR(VLOOKUP(A51,Excel4!D:J,7,0)),0,VLOOKUP(A51,Excel4!D:J,7,0)) -> 0 | I51: BELEDİYE BAŞKANLIĞI | J51: GEBECELER | K51: AFYON | L51: =IF(J51="MERKEZ",K51&" "&I51,IF(J51="BÜYÜKŞEHİR",K51&" "&J51&" "&I51,J51&" "&I51&" "&K51)) -> GEBECELER BELEDİYE BAŞKANLIĞI AFYON | M51: =IF(J51="MERKEZ",K51,IF(J51="BÜYÜKŞEHİR",K51&" BÜYÜKŞEHİR",J51)) -> GEBECELER
A52: GÖMÜ / AFYONKARAHİSAR | B52: VAKIFBANK | C52: EMİRDAĞ | D52: 15 | E52: 90001 | F52: TR100001500158007286607752 | G52: =LEN(F52) -> 26 | H52: =IF(ISERROR(VLOOKUP(A52,Excel4!D:J,7,0)),0,VLOOKUP(A52,Excel4!D:J,7,0)) -> 0 | I52: BELEDİYE BAŞKANLIĞI | J52: GÖMÜ | K52: AFYON | L52: =IF(J52="MERKEZ",K52&" "&I52,IF(J52="BÜYÜKŞEHİR",K52&" "&J52&" "&I52,J52&" "&I52&" "&K52)) -> GÖMÜ BELEDİYE BAŞKANLIĞI AFYON | M52: =IF(J52="MERKEZ",K52,IF(J52="BÜYÜKŞEHİR",K52&" BÜYÜKŞEHİR",J52)) -> GÖMÜ
A53: HAYDARLI / AFYONKARAHİSAR | B53: ZİRAAT BANKASI | C53: DİNAR | D53: 10 | E53: 90001 | F53: TR410001000023329049525001 | G53: =LEN(F53) -> 26 | H53: =IF(ISERROR(VLOOKUP(A53,Excel4!D:J,7,0)),0,VLOOKUP(A53,Excel4!D:J,7,0)) -> 0 | I53: BELEDİYE BAŞKANLIĞI | J53: HAYDARLI | K53: AFYON | L53: =IF(J53="MERKEZ",K53&" "&I53,IF(J53="BÜYÜKŞEHİR",K53&" "&J53&" "&I53,J53&" "&I53&" "&K53)) -> HAYDARLI BELEDİYE BAŞKANLIĞI AFYON | M53: =IF(J53="MERKEZ",K53,IF(J53="BÜYÜKŞEHİR",K53&" BÜYÜKŞEHİR",J53)) -> HAYDARLI
A54: HOCALAR / AFYONKARAHİSAR | B54: ZİRAAT BANKASI | C54: HOCALAR | D54: 10 | E54: 90001 | F54: TR050001001956336841775007 | G54: =LEN(F54) -> 26 | H54: =IF(ISERROR(VLOOKUP(A54,Excel4!D:J,7,0)),0,VLOOKUP(A54,Excel4!D:J,7,0)) -> 31.5 | I54: BELEDİYE BAŞKANLIĞI | J54: HOCALAR | K54: AFYON | L54: =IF(J54="MERKEZ",K54&" "&I54,IF(J54="BÜYÜKŞEHİR",K54&" "&J54&" "&I54,J54&" "&I54&" "&K54)) -> HOCALAR BELEDİYE BAŞKANLIĞI AFYON | M54: =IF(J54="MERKEZ",K54,IF(J54="BÜYÜKŞEHİR",K54&" BÜYÜKŞEHİR",J54)) -> HOCALAR | N54: =_xlfn.XLOOKUP(M54,[1]Sheet1!$A:$A,[1]Sheet1!$G:$G) -> 0
A55: IŞIKLAR / AFYONKARAHİSAR | B55: ZİRAAT BANKASI | C55: ÇOBANLAR ŞB. | D55: 10 | E55: 90001 | F55: TR960001001654364301265008 | G55: =LEN(F55) -> 26 | H55: =IF(ISERROR(VLOOKUP(A55,Excel4!D:J,7,0)),0,VLOOKUP(A55,Excel4!D:J,7,0)) -> 0 | I55: BELEDİYE BAŞKANLIĞI | J55: IŞIKLAR | K55: AFYON | L55: =IF(J55="MERKEZ",K55&" "&I55,IF(J55="BÜYÜKŞEHİR",K55&" "&J55&" "&I55,J55&" "&I55&" "&K55)) -> IŞIKLAR BELEDİYE BAŞKANLIĞI AFYON | M55: =IF(J55="MERKEZ",K55,IF(J55="BÜYÜKŞEHİR",K55&" BÜYÜKŞEHİR",J55)) -> IŞIKLAR
A56: İHSANİYE / AFYONKARAHİSAR | B56: ZİRAAT BANKASI | C56: İHSANİYE | D56: 10 | E56: 90001 | F56: TR350001000662374372315001 | G56: =LEN(F56) -> 26 | H56: =IF(ISERROR(VLOOKUP(A56,Excel4!D:J,7,0)),0,VLOOKUP(A56,Excel4!D:J,7,0)) -> 133.59 | I56: BELEDİYE BAŞKANLIĞI | J56: İHSANİYE | K56: AFYON | L56: =IF(J56="MERKEZ",K56&" "&I56,IF(J56="BÜYÜKŞEHİR",K56&" "&J56&" "&I56,J56&" "&I56&" "&K56)) -> İHSANİYE BELEDİYE BAŞKANLIĞI AFYON | M56: =IF(J56="MERKEZ",K56,IF(J56="BÜYÜKŞEHİR",K56&" BÜYÜKŞEHİR",J56)) -> İHSANİYE | N56: =_xlfn.XLOOKUP(M56,[1]Sheet1!$A:$A,[1]Sheet1!$G:$G) -> 0
A57: İSCEHİSAR / AFYONKARAHİSAR | B57: HALKBANKASI | C57: İSCEHİSAR | D57: 12 | E57: 90001 | F57: TR930001200125700007000002 | G57: =LEN(F57) -> 26 | H57: =IF(ISERROR(VLOOKUP(A57,Excel4!D:J,7,0)),0,VLOOKUP(A57,Excel4!D:J,7,0)) -> 235.1 | I57: BELEDİYE BAŞKANLIĞI | J57: İSCEHİSAR | K57: AFYON | L57: =IF(J57="MERKEZ",K57&" "&I57,IF(J57="BÜYÜKŞEHİR",K57&" "&J57&" "&I57,J57&" "&I57&" "&K57)) -> İSCEHİSAR BELEDİYE BAŞKANLIĞI AFYON | M57: =IF(J57="MERKEZ",K57,IF(J57="BÜYÜKŞEHİR",K57&" BÜYÜKŞEHİR",J57)) -> İSCEHİSAR
A58: KEMERKAYA / AFYONKARAHİSAR | B58: ZİRAAT BANKASI | C58: MERKEZ | D58: 10 | E58: 90001 | F58: TR700001000021364301215012 | G58: =LEN(F58) -> 26 | H58: =IF(ISERROR(VLOOKUP(A58,Excel4!D:J,7,0)),0,VLOOKUP(A58,Excel4!D:J,7,0)) -> 0 | I58: BELEDİYE BAŞKANLIĞI | J58: KEMERKAYA | K58: AFYON | L58: =IF(J58="MERKEZ",K58&" "&I58,IF(J58="BÜYÜKŞEHİR",K58&" "&J58&" "&I58,J58&" "&I58&" "&K58)) -> KEMERKAYA BELEDİYE BAŞKANLIĞI AFYON | M58: =IF(J58="MERKEZ",K58,IF(J58="BÜYÜKŞEHİR",K58&" BÜYÜKŞEHİR",J58)) -> KEMERKAYA
A59: KILINÇARSLAN / AFYONKARAHİSAR | B59: ZİRAAT BANKASI | C59: SİNANPAŞA | D59: 10 | E59: 90001 | F59: TR690001000517325702935001 | G59: =LEN(F59) -> 26 | H59: =IF(ISERROR(VLOOKUP(A59,Excel4!D:J,7,0)),0,VLOOKUP(A59,Excel4!D:J,7,0)) -> 0 | I59: BELEDİYE BAŞKANLIĞI | J59: KILINÇARSLAN | K59: AFYON | L59: =IF(J59="MERKEZ",K59&" "&I59,IF(J59="BÜYÜKŞEHİR",K59&" "&J59&" "&I59,J59&" "&I59&" "&K59)) -> KILINÇARSLAN BELEDİYE BAŞKANLIĞI AFYON | M59: =IF(J59="MERKEZ",K59,IF(J59="BÜYÜKŞEHİR",K59&" BÜYÜKŞEHİR",J59)) -> KILINÇARSLAN
A60: KIZILÖREN / AFYONKARAHİSAR | B60: HALKBANKASI | C60: KIZILÖREN | D60: 12 | E60: 90001 | F60: TR510001200918500007000015 | G60: =LEN(F60) -> 26 | H60: =IF(ISERROR(VLOOKUP(A60,Excel4!D:J,7,0)),0,VLOOKUP(A60,Excel4!D:J,7,0)) -> 0 | I60: BELEDİYE BAŞKANLIĞI | J60: KIZILÖREN | K60: AFYON | L60: =IF(J60="MERKEZ",K60&" "&I60,IF(J60="BÜYÜKŞEHİR",K60&" "&J60&" "&I60,J60&" "&I60&" "&K60)) -> KIZILÖREN BELEDİYE BAŞKANLIĞI AFYON | M60: =IF(J60="MERKEZ",K60,IF(J60="BÜYÜKŞEHİR",K60&" BÜYÜKŞEHİR",J60)) -> KIZILÖREN
A61: MERKEZ / AFYONKARAHİSAR | B61: ZİRAAT BANKASI | C61: KADINANA | D61: 10 | E61: 90001 | F61: TR980001002672364301245015 | G61: =LEN(F61) -> 26 | H61: =IF(ISERROR(VLOOKUP(A61,Excel4!D:J,7,0)),0,VLOOKUP(A61,Excel4!D:J,7,0)) -> 8475.83 | I61: BELEDİYE BAŞKANLIĞI | J61: MERKEZ | K61: AFYON | L61: =IF(J61="MERKEZ",K61&" "&I61,IF(J61="BÜYÜKŞEHİR",K61&" "&J61&" "&I61,J61&" "&I61&" "&K61)) -> AFYON BELEDİYE BAŞKANLIĞI | M61: =IF(J61="MERKEZ",K61,IF(J61="BÜYÜKŞEHİR",K61&" BÜYÜKŞEHİR",J61)) -> AFYON | N61: =_xlfn.XLOOKUP(M61,[1]Sheet1!$C:$C,[1]Sheet1!$G:$G) -> #N/A
A62: ÖZBURUN / AFYONKARAHİSAR | B62: ZİRAAT BANKASI | C62: BOLVADİN | D62: 10 | E62: 90001 | F62: TR390001000022329961205001 | G62: =LEN(F62) -> 26 | H62: =IF(ISERROR(VLOOKUP(A62,Excel4!D:J,7,0)),0,VLOOKUP(A62,Excel4!D:J,7,0)) -> 0 | I62: BELEDİYE BAŞKANLIĞI | J62: ÖZBURUN | K62: AFYON | L62: =IF(J62="MERKEZ",K62&" "&I62,IF(J62="BÜYÜKŞEHİR",K62&" "&J62&" "&I62,J62&" "&I62&" "&K62)) -> ÖZBURUN BELEDİYE BAŞKANLIĞI AFYON | M62: =IF(J62="MERKEZ",K62,IF(J62="BÜYÜKŞEHİR",K62&" BÜYÜKŞEHİR",J62)) -> ÖZBURUN
A63: SALAR / AFYONKARAHİSAR | B63: VAKIFBANK | C63: AFYONKARAHİSAR | D63: 15 | E63: 90001 | F63: TR530001500158007290516660 | G63: =LEN(F63) -> 26 | H63: =IF(ISERROR(VLOOKUP(A63,Excel4!D:J,7,0)),0,VLOOKUP(A63,Excel4!D:J,7,0)) -> 0 | I63: BELEDİYE BAŞKANLIĞI | J63: SALAR | K63: AFYON | L63: =IF(J63="MERKEZ",K63&" "&I63,IF(J63="BÜYÜKŞEHİR",K63&" "&J63&" "&I63,J63&" "&I63&" "&K63)) -> SALAR BELEDİYE BAŞKANLIĞI AFYON | M63: =IF(J63="MERKEZ",K63,IF(J63="BÜYÜKŞEHİR",K63&" BÜYÜKŞEHİR",J63)) -> SALAR
A64: SANDIKLI / AFYONKARAHİSAR | B64: VAKIFBANK | C64: SANDIKLI | D64: 15 | E64: 90001 | F64: TR160001500158007282972181 | G64: =LEN(F64) -> 26 | H64: =IF(ISERROR(VLOOKUP(A64,Excel4!D:J,7,0)),0,VLOOKUP(A64,Excel4!D:J,7,0)) -> 77.66 | I64: BELEDİYE BAŞKANLIĞI | J64: SANDIKLI | K64: AFYON | L64: =IF(J64="MERKEZ",K64&" "&I64,IF(J64="BÜYÜKŞEHİR",K64&" "&J64&" "&I64,J64&" "&I64&" "&K64)) -> SANDIKLI BELEDİYE BAŞKANLIĞI AFYON | M64: =IF(J64="MERKEZ",K64,IF(J64="BÜYÜKŞEHİR",K64&" BÜYÜKŞEHİR",J64)) -> SANDIKLI | N64: =_xlfn.XLOOKUP(M64,[1]Sheet1!$A:$A,[1]Sheet1!$G:$G) -> 0
A65: SEYDİLER / AFYONKARAHİSAR | B65: HALKBANKASI | C65: İSCEHİSAR | D65: 12 | E65: 90001 | F65: TR820001200125700007000006 | G65: =LEN(F65) -> 26 | H65: =IF(ISERROR(VLOOKUP(A65,Excel4!D:J,7,0)),0,VLOOKUP(A65,Excel4!D:J,7,0)) -> 0 | I65: BELEDİYE BAŞKANLIĞI | J65: SEYDİLER | K65: AFYON | L65: =IF(J65="MERKEZ",K65&" "&I65,IF(J65="BÜYÜKŞEHİR",K65&" "&J65&" "&I65,J65&" "&I65&" "&K65)) -> SEYDİLER BELEDİYE BAŞKANLIĞI AFYON | M65: =IF(J65="MERKEZ",K65,IF(J65="BÜYÜKŞEHİR",K65&" BÜYÜKŞEHİR",J65)) -> SEYDİLER
A66: SİNANPAŞA / AFYONKARAHİSAR | B66: ZİRAAT BANKASI | C66: SİNANPAŞA | D66: 10 | E66: 90001 | F66: TR730001000517325702855001 | G66: =LEN(F66) -> 26 | H66: =IF(ISERROR(VLOOKUP(A66,Excel4!D:J,7,0)),0,VLOOKUP(A66,Excel4!D:J,7,0)) -> 98.18 | I66: BELEDİYE BAŞKANLIĞI | J66: SİNANPAŞA | K66: AFYON | L66: =IF(J66="MERKEZ",K66&" "&I66,IF(J66="BÜYÜKŞEHİR",K66&" "&J66&" "&I66,J66&" "&I66&" "&K66)) -> SİNANPAŞA BELEDİYE BAŞKANLIĞI AFYON | M66: =IF(J66="MERKEZ",K66,IF(J66="BÜYÜKŞEHİR",K66&" BÜYÜKŞEHİR",J66)) -> SİNANPAŞA | N66: =_xlfn.XLOOKUP(M66,[1]Sheet1!$C:$C,[1]Sheet1!$G:$G) -> #N/A
A67: SİNANPAŞA / AFYONKARAHİSAR | B67: ZİRAAT BANKASI | C67: SİNANPAŞA | D67: 10 | E67: 90001 | F67: TR730001000517325702855001 | G67: =LEN(F67) -> 26 | H67: =IF(ISERROR(VLOOKUP(A67,Excel4!D:J,7,0)),0,VLOOKUP(A67,Excel4!D:J,7,0)) -> 58.16 | I67: BELEDİYE BAŞKANLIĞI | J67: SİNANPAŞA | K67: AFYON | L67: =IF(J67="MERKEZ",K67&" "&I67,IF(J67="BÜYÜKŞEHİR",K67&" "&J67&" "&I67,J67&" "&I67&" "&K67)) -> SİNANPAŞA BELEDİYE BAŞKANLIĞI AFYON | M67: =IF(J67="MERKEZ",K67,IF(J67="BÜYÜKŞEHİR",K67&" BÜYÜKŞEHİR",J67)) -> SİNANPAŞA
A68: SULTANDAĞI / AFYONKARAHİSAR | B68: ZİRAAT BANKASI | C68: SULTANDAĞI | D68: 10 | E68: 90001 | F68: TR200001000569458451885001 | G68: =LEN(F68) -> 26 | H68: =IF(ISERROR(VLOOKUP(A68,Excel4!D:J,7,0)),0,VLOOKUP(A68,Excel4!D:J,7,0)) -> 116.67 | I68: BELEDİYE BAŞKANLIĞI | J68: SULTANDAĞI | K68: AFYON | L68: =IF(J68="MERKEZ",K68&" "&I68,IF(J68="BÜYÜKŞEHİR",K68&" "&J68&" "&I68,J68&" "&I68&" "&K68)) -> SULTANDAĞI BELEDİYE BAŞKANLIĞI AFYON | M68: =IF(J68="MERKEZ",K68,IF(J68="BÜYÜKŞEHİR",K68&" BÜYÜKŞEHİR",J68)) -> SULTANDAĞI
A69: SUSUZ / AFYONKARAHİSAR | B69: HALKBANKASI | C69: AFYONKARAHİSAR | D69: 12 | E69: 90001 | F69: TR020001200918300007000034 | G69: =LEN(F69) -> 26 | H69: =IF(ISERROR(VLOOKUP(A69,Excel4!D:J,7,0)),0,VLOOKUP(A69,Excel4!D:J,7,0)) -> 0 | I69: BELEDİYE BAŞKANLIĞI | J69: SUSUZ | K69: AFYON | L69: =IF(J69="MERKEZ",K69&" "&I69,IF(J69="BÜYÜKŞEHİR",K69&" "&J69&" "&I69,J69&" "&I69&" "&K69)) -> SUSUZ BELEDİYE BAŞKANLIĞI AFYON | M69: =IF(J69="MERKEZ",K69,IF(J69="BÜYÜKŞEHİR",K69&" BÜYÜKŞEHİR",J69)) -> SUSUZ
A70: SÜLÜMENLİ / AFYONKARAHİSAR | B70: ZİRAAT BANKASI | C70: AFYON | D70: 10 | E70: 90001 | F70: TR320001001654364301255005 | G70: =LEN(F70) -> 26 | H70: =IF(ISERROR(VLOOKUP(A70,Excel4!D:J,7,0)),0,VLOOKUP(A70,Excel4!D:J,7,0)) -> 0 | I70: BELEDİYE BAŞKANLIĞI | J70: SÜLÜMENLİ | K70: =C70 -> AFYON | L70: =IF(J70="MERKEZ",K70&" "&I70,IF(J70="BÜYÜKŞEHİR",K70&" "&J70&" "&I70,J70&" "&I70&" "&K70)) -> SÜLÜMENLİ BELEDİYE BAŞKANLIĞI AFYON | M70: =IF(J70="MERKEZ",K70,IF(J70="BÜYÜKŞEHİR",K70&" BÜYÜKŞEHİR",J70)) -> SÜLÜMENLİ
A71: ŞUHUT / AFYONKARAHİSAR | B71: ZİRAAT BANKASI | C71: ŞUHUT | D71: 10 | E71: 90001 | F71: TR590001000417323361075001 | G71: =LEN(F71) -> 26 | H71: =IF(ISERROR(VLOOKUP(A71,Excel4!D:J,7,0)),0,VLOOKUP(A71,Excel4!D:J,7,0)) -> 526.25 | I71: BELEDİYE BAŞKANLIĞI | J71: ŞUHUT | K71: AFYON | L71: =IF(J71="MERKEZ",K71&" "&I71,IF(J71="BÜYÜKŞEHİR",K71&" "&J71&" "&I71,J71&" "&I71&" "&K71)) -> ŞUHUT BELEDİYE BAŞKANLIĞI AFYON | M71: =IF(J71="MERKEZ",K71,IF(J71="BÜYÜKŞEHİR",K71&" BÜYÜKŞEHİR",J71)) -> ŞUHUT | N71: =_xlfn.XLOOKUP(M71,[1]Sheet1!$A:$A,[1]Sheet1!$G:$G) -> 0
A72: TATARLI / AFYONKARAHİSAR | B72: ZİRAAT BANKASI | C72: TATARLI | D72: 10 | E72: 90001 | F72: TR800001002540329206585009 | G72: =LEN(F72) -> 26 | H72: =IF(ISERROR(VLOOKUP(A72,Excel4!D:J,7,0)),0,VLOOKUP(A72,Excel4!D:J,7,0)) -> 0 | I72: BELEDİYE BAŞKANLIĞI | J72: TATARLI | K72: AFYON | L72: =IF(J72="MERKEZ",K72&" "&I72,IF(J72="BÜYÜKŞEHİR",K72&" "&J72&" "&I72,J72&" "&I72&" "&K72)) -> TATARLI BELEDİYE BAŞKANLIĞI AFYON | M72: =IF(J72="MERKEZ",K72,IF(J72="BÜYÜKŞEHİR",K72&" BÜYÜKŞEHİR",J72)) -> TATARLI
A73: TINAZTEPE / AFYONKARAHİSAR | B73: ZİRAAT BANKASI | C73: SİNANPAŞA | D73: 10 | E73: 90001 | F73: TR240001000517325702865001 | G73: =LEN(F73) -> 26 | H73: =IF(ISERROR(VLOOKUP(A73,Excel4!D:J,7,0)),0,VLOOKUP(A73,Excel4!D:J,7,0)) -> 0 | I73: BELEDİYE BAŞKANLIĞI | J73: TINAZTEPE | K73: AFYON | L73: =IF(J73="MERKEZ",K73&" "&I73,IF(J73="BÜYÜKŞEHİR",K73&" "&J73&" "&I73,J73&" "&I73&" "&K73)) -> TINAZTEPE BELEDİYE BAŞKANLIĞI AFYON | M73: =IF(J73="MERKEZ",K73,IF(J73="BÜYÜKŞEHİR",K73&" BÜYÜKŞEHİR",J73)) -> TINAZTEPE
A74: YAYLABAĞI / AFYONKARAHİSAR | B74: HALKBANKASI | C74: ORGANİZE SANAYİ | D74: 12 | E74: 90001 | F74: TR390001200918900007000017 | G74: =LEN(F74) -> 26 | H74: =IF(ISERROR(VLOOKUP(A74,Excel4!D:J,7,0)),0,VLOOKUP(A74,Excel4!D:J,7,0)) -> 0 | I74: BELEDİYE BAŞKANLIĞI | J74: YAYLABAĞI | K74: AFYON | L74: =IF(J74="MERKEZ",K74&" "&I74,IF(J74="BÜYÜKŞEHİR",K74&" "&J74&" "&I74,J74&" "&I74&" "&K74)) -> YAYLABAĞI BELEDİYE BAŞKANLIĞI AFYON | M74: =IF(J74="MERKEZ",K74,IF(J74="BÜYÜKŞEHİR",K74&" BÜYÜKŞEHİR",J74)) -> YAYLABAĞI
A75: DİYADİN / AĞRI | B75: ZİRAAT BANKASI | C75: DİYADİN | D75: 10 | E75: 90001 | F75: TR340001000479269654835001 | G75: =LEN(F75) -> 26 | H75: =IF(ISERROR(VLOOKUP(A75,Excel4!D:J,7,0)),0,VLOOKUP(A75,Excel4!D:J,7,0)) -> 0 | I75: BELEDİYE BAŞKANLIĞI | J75: DİYADİN | K75: AĞRI | L75: =IF(J75="MERKEZ",K75&" "&I75,IF(J75="BÜYÜKŞEHİR",K75&" "&J75&" "&I75,J75&" "&I75&" "&K75)) -> DİYADİN BELEDİYE BAŞKANLIĞI AĞRI | M75: =IF(J75="MERKEZ",K75,IF(J75="BÜYÜKŞEHİR",K75&" BÜYÜKŞEHİR",J75)) -> DİYADİN | N75: =_xlfn.XLOOKUP(M75,[1]Sheet1!$A:$A,[1]Sheet1!$G:$G) -> 0
A76: DOĞUBAYAZIT / AĞRI | B76: ZİRAAT BANKASI | C76: DOĞUBAYAZIT | D76: 10 | E76: 90001 | F76: TR100001000351302444115001 | G76: =LEN(F76) -> 26 | H76: =IF(ISERROR(VLOOKUP(A76,Excel4!D:J,7,0)),0,VLOOKUP(A76,Excel4!D:J,7,0)) -> 50.27 | I76: BELEDİYE BAŞKANLIĞI | J76: DOĞUBAYAZIT | K76: AĞRI | L76: =IF(J76="MERKEZ",K76&" "&I76,IF(J76="BÜYÜKŞEHİR",K76&" "&J76&" "&I76,J76&" "&I76&" "&K76)) -> DOĞUBAYAZIT BELEDİYE BAŞKANLIĞI AĞRI | M76: =IF(J76="MERKEZ",K76,IF(J76="BÜYÜKŞEHİR",K76&" BÜYÜKŞEHİR",J76)) -> DOĞUBAYAZIT | N76: =_xlfn.XLOOKUP(M76,[1]Sheet1!$A:$A,[1]Sheet1!$G:$G) -> 0
A77: ELEŞKİRT / AĞRI | B77: DENİZBANK | C77: AĞRI | D77: 134 | E77: 90001 | F77: TR910013400000582869800003 | G77: =LEN(F77) -> 26 | H77: =IF(ISERROR(VLOOKUP(A77,Excel4!D:J,7,0)),0,VLOOKUP(A77,Excel4!D:J,7,0)) -> 0 | I77: BELEDİYE BAŞKANLIĞI | J77: ELEŞKİRT | K77: AĞRI | L77: =IF(J77="MERKEZ",K77&" "&I77,IF(J77="BÜYÜKŞEHİR",K77&" "&J77&" "&I77,J77&" "&I77&" "&K77)) -> ELEŞKİRT BELEDİYE BAŞKANLIĞI AĞRI | M77: =IF(J77="MERKEZ",K77,IF(J77="BÜYÜKŞEHİR",K77&" BÜYÜKŞEHİR",J77)) -> ELEŞKİRT
A78: MERKEZ / AĞRI | B78: İŞ BANKASI | C78: MERKEZ | D78: 64 | E78: 90001 | F78: TR750006400000190000763985 | G78: =LEN(F78) -> 26 | H78: =IF(ISERROR(VLOOKUP(A78,Excel4!D:J,7,0)),0,VLOOKUP(A78,Excel4!D:J,7,0)) -> 1363.12 | I78: BELEDİYE BAŞKANLIĞI | J78: MERKEZ | K78: AĞRI | L78: =IF(J78="MERKEZ",K78&" "&I78,IF(J78="BÜYÜKŞEHİR",K78&" "&J78&" "&I78,J78&" "&I78&" "&K78)) -> AĞRI BELEDİYE BAŞKANLIĞI | M78: =IF(J78="MERKEZ",K78,IF(J78="BÜYÜKŞEHİR",K78&" BÜYÜKŞEHİR",J78)) -> AĞRI
A79: PATNOS / AĞRI | B79: VAKIFBANK | C79: PATNOS | D79: 15 | E79: 90001 | F79: TR860001500158007315047172 | G79: =LEN(F79) -> 26 | H79: =IF(ISERROR(VLOOKUP(A79,Excel4!D:J,7,0)),0,VLOOKUP(A79,Excel4!D:J,7,0)) -> 555.05 | I79: BELEDİYE BAŞKANLIĞI | J79: PATNOS | K79: AĞRI | L79: =IF(J79="MERKEZ",K79&" "&I79,IF(J79="BÜYÜKŞEHİR",K79&" "&J79&" "&I79,J79&" "&I79&" "&K79)) -> PATNOS BELEDİYE BAŞKANLIĞI AĞRI | M79: =IF(J79="MERKEZ",K79,IF(J79="BÜYÜKŞEHİR",K79&" BÜYÜKŞEHİR",J79)) -> PATNOS | N79: =_xlfn.XLOOKUP(M79,[1]Sheet1!$A:$A,[1]Sheet1!$G:$G) -> 0
A80: TAŞLIÇAY / AĞRI | B80: ZİRAAT BANKASI | C80: TAŞLIÇAY | D80: 10 | E80: 90001 | F80: TR570001000523265734855001 | G80: =LEN(F80) -> 26 | H80: =IF(ISERROR(VLOOKUP(A80,Excel4!D:J,7,0)),0,VLOOKUP(A80,Excel4!D:J,7,0)) -> 0 | I80: BELEDİYE BAŞKANLIĞI | J80: TAŞLIÇAY | K80: AĞRI | L80: =IF(J80="MERKEZ",K80&" "&I80,IF(J80="BÜYÜKŞEHİR",K80&" "&J80&" "&I80,J80&" "&I80&" "&K80)) -> TAŞLIÇAY BELEDİYE BAŞKANLIĞI AĞRI | M80: =IF(J80="MERKEZ",K80,IF(J80="BÜYÜKŞEHİR",K80&" BÜYÜKŞEHİR",J80)) -> TAŞLIÇAY | N80: =_xlfn.XLOOKUP(M80,[1]Sheet1!$A:$A,[1]Sheet1!$G:$G) -> 0
A81: TUTAK / AĞRI | B81: ZİRAAT BANKASI | C81: TUTAK | D81: 10 | E81: 90001 | F81: TR310001000496084813445001 | G81: =LEN(F81) -> 26 | H81: =IF(ISERROR(VLOOKUP(A81,Excel4!D:J,7,0)),0,VLOOKUP(A81,Excel4!D:J,7,0)) -> 0 | I81: BELEDİYE BAŞKANLIĞI | J81: TUTAK | K81: AĞRI | L81: =IF(J81="MERKEZ",K81&" "&I81,IF(J81="BÜYÜKŞEHİR",K81&" "&J81&" "&I81,J81&" "&I81&" "&K81)) -> TUTAK BELEDİYE BAŞKANLIĞI AĞRI | M81: =IF(J81="MERKEZ",K81,IF(J81="BÜYÜKŞEHİR",K81&" BÜYÜKŞEHİR",J81)) -> TUTAK
A82: AĞAÇÖREN / AKSARAY | B82: ZİRAAT BANKASI | C82: AĞAÇÖREN | D82: 10 | E82: 90001 | F82: TR360001001290068202065001 | G82: =LEN(F82) -> 26 | H82: =IF(ISERROR(VLOOKUP(A82,Excel4!D:J,7,0)),0,VLOOKUP(A82,Excel4!D:J,7,0)) -> 436.23 | I82: BELEDİYE BAŞKANLIĞI | J82: AĞAÇÖREN | K82: AKSARAY | L82: =IF(J82="MERKEZ",K82&" "&I82,IF(J82="BÜYÜKŞEHİR",K82&" "&J82&" "&I82,J82&" "&I82&" "&K82)) -> AĞAÇÖREN BELEDİYE BAŞKANLIĞI AKSARAY | M82: =IF(J82="MERKEZ",K82,IF(J82="BÜYÜKŞEHİR",K82&" BÜYÜKŞEHİR",J82)) -> AĞAÇÖREN | N82: =_xlfn.XLOOKUP(M82,[1]Sheet1!$A:$A,[1]Sheet1!$G:$G) -> 0
A83: AKÇAKENT / AKSARAY | B83: ZİRAAT KATILIM BANKASI | C83: MERKEZ | D83: 11 | E83: 90001 | F83: TR690020900000068633000001 | G83: =LEN(F83) -> 26 | H83: =IF(ISERROR(VLOOKUP(A83,Excel4!D:J,7,0)),0,VLOOKUP(A83,Excel4!D:J,7,0)) -> 0 | I83: BELEDİYE BAŞKANLIĞI | J83: AKÇAKENT | K83: AKSARAY | L83: =IF(J83="MERKEZ",K83&" "&I83,IF(J83="BÜYÜKŞEHİR",K83&" "&J83&" "&I83,J83&" "&I83&" "&K83)) -> AKÇAKENT BELEDİYE BAŞKANLIĞI AKSARAY | M83: =IF(J83="MERKEZ",K83,IF(J83="BÜYÜKŞEHİR",K83&" BÜYÜKŞEHİR",J83)) -> AKÇAKENT
A84: BAĞLIKAYA / AKSARAY | B84: ZİRAAT BANKASI | C84: AKSARAY | D84: 10 | E84: 90001 | F84: TR170001000026365870715001 | G84: =LEN(F84) -> 26 | H84: =IF(ISERROR(VLOOKUP(A84,Excel4!D:J,7,0)),0,VLOOKUP(A84,Excel4!D:J,7,0)) -> 0 | I84: BELEDİYE BAŞKANLIĞI | J84: BAĞLIKAYA | K84: AKSARAY | L84: =IF(J84="MERKEZ",K84&" "&I84,IF(J84="BÜYÜKŞEHİR",K84&" "&J84&" "&I84,J84&" "&I84&" "&K84)) -> BAĞLIKAYA BELEDİYE BAŞKANLIĞI AKSARAY | M84: =IF(J84="MERKEZ",K84,IF(J84="BÜYÜKŞEHİR",K84&" BÜYÜKŞEHİR",J84)) -> BAĞLIKAYA
A85: ESKİL / AKSARAY | B85: ZİRAAT BANKASI | C85: ESKİL | D85: 10 | E85: 90001 | F85: TR490001001345075437105001 | G85: =LEN(F85) -> 26 | H85: =IF(ISERROR(VLOOKUP(A85,Excel4!D:J,7,0)),0,VLOOKUP(A85,Excel4!D:J,7,0)) -> 280.1 | I85: BELEDİYE BAŞKANLIĞI | J85: ESKİL | K85: AKSARAY | L85: =IF(J85="MERKEZ",K85&" "&I85,IF(J85="BÜYÜKŞEHİR",K85&" "&J85&" "&I85,J85&" "&I85&" "&K85)) -> ESKİL BELEDİYE BAŞKANLIĞI AKSARAY | M85: =IF(J85="MERKEZ",K85,IF(J85="BÜYÜKŞEHİR",K85&" BÜYÜKŞEHİR",J85)) -> ESKİL | N85: =_xlfn.XLOOKUP(M85,[1]Sheet1!$A:$A,[1]Sheet1!$G:$G) -> 0
A86: EŞMEKAYA / AKSARAY | B86: ZİRAAT BANKASI | C86: ESKİL | D86: 10 | E86: 90001 | F86: TR460001001345075437165001 | G86: =LEN(F86) -> 26 | H86: =IF(ISERROR(VLOOKUP(A86,Excel4!D:J,7,0)),0,VLOOKUP(A86,Excel4!D:J,7,0)) -> 0 | I86: BELEDİYE BAŞKANLIĞI | J86: EŞMEKAYA | K86: AKSARAY | L86: =IF(J86="MERKEZ",K86&" "&I86,IF(J86="BÜYÜKŞEHİR",K86&" "&J86&" "&I86,J86&" "&I86&" "&K86)) -> EŞMEKAYA BELEDİYE BAŞKANLIĞI AKSARAY | M86: =IF(J86="MERKEZ",K86,IF(J86="BÜYÜKŞEHİR",K86&" BÜYÜKŞEHİR",J86)) -> EŞMEKAYA
A87: GÜLAĞAÇ / AKSARAY | B87: ZİRAAT BANKASI | C87: GÜLAĞAÇ | D87: 10 | E87: 90001 | F87: TR080001001739075314725001 | G87: =LEN(F87) -> 26 | H87: =IF(ISERROR(VLOOKUP(A87,Excel4!D:J,7,0)),0,VLOOKUP(A87,Excel4!D:J,7,0)) -> 0 | I87: BELEDİYE BAŞKANLIĞI | J87: GÜLAĞAÇ | K87: AKSARAY | L87: =IF(J87="MERKEZ",K87&" "&I87,IF(J87="BÜYÜKŞEHİR",K87&" "&J87&" "&I87,J87&" "&I87&" "&K87)) -> GÜLAĞAÇ BELEDİYE BAŞKANLIĞI AKSARAY | M87: =IF(J87="MERKEZ",K87,IF(J87="BÜYÜKŞEHİR",K87&" BÜYÜKŞEHİR",J87)) -> GÜLAĞAÇ
A88: GÜLPINAR / AKSARAY | B88: ZİRAAT BANKASI | C88: AKSARAY | D88: 10 | E88: 90001 | F88: TR070001001739075314745001 | G88: =LEN(F88) -> 26 | H88: =IF(ISERROR(VLOOKUP(A88,Excel4!D:J,7,0)),0,VLOOKUP(A88,Excel4!D:J,7,0)) -> 0 | I88: BELEDİYE BAŞKANLIĞI | J88: GÜLPINAR | K88: =C88 -> AKSARAY | L88: =IF(J88="MERKEZ",K88&" "&I88,IF(J88="BÜYÜKŞEHİR",K88&" "&J88&" "&I88,J88&" "&I88&" "&K88)) -> GÜLPINAR BELEDİYE BAŞKANLIĞI AKSARAY | M88: =IF(J88="MERKEZ",K88,IF(J88="BÜYÜKŞEHİR",K88&" BÜYÜKŞEHİR",J88)) -> GÜLPINAR
A89: GÜZELYURT / AKSARAY | B89: ZİRAAT BANKASI | C89: GÜZELYURT | D89: 10 | E89: 90001 | F89: TR100001001442253509515001 | G89: =LEN(F89) -> 26 | H89: =IF(ISERROR(VLOOKUP(A89,Excel4!D:J,7,0)),0,VLOOKUP(A89,Excel4!D:J,7,0)) -> 13.76 | I89: BELEDİYE BAŞKANLIĞI | J89: GÜZELYURT | K89: AKSARAY | L89: =IF(J89="MERKEZ",K89&" "&I89,IF(J89="BÜYÜKŞEHİR",K89&" "&J89&" "&I89,J89&" "&I89&" "&K89)) -> GÜZELYURT BELEDİYE BAŞKANLIĞI AKSARAY | M89: =IF(J89="MERKEZ",K89,IF(J89="BÜYÜKŞEHİR",K89&" BÜYÜKŞEHİR",J89)) -> GÜZELYURT | N89: =_xlfn.XLOOKUP(M89,[1]Sheet1!$A:$A,[1]Sheet1!$G:$G) -> 0
A90: HELVADERE / AKSARAY | B90: ZİRAAT BANKASI | C90: AKSARAY | D90: 10 | E90: 90001 | F90: TR220001000026365870615001 | G90: =LEN(F90) -> 26 | H90: =IF(ISERROR(VLOOKUP(A90,Excel4!D:J,7,0)),0,VLOOKUP(A90,Excel4!D:J,7,0)) -> 0 | I90: BELEDİYE BAŞKANLIĞI | J90: HELVADERE | K90: =C90 -> AKSARAY | L90: =IF(J90="MERKEZ",K90&" "&I90,IF(J90="BÜYÜKŞEHİR",K90&" "&J90&" "&I90,J90&" "&I90&" "&K90)) -> HELVADERE BELEDİYE BAŞKANLIĞI AKSARAY | M90: =IF(J90="MERKEZ",K90,IF(J90="BÜYÜKŞEHİR",K90&" BÜYÜKŞEHİR",J90)) -> HELVADERE
A91: MERKEZ / AKSARAY | B91: ZİRAAT KATILIM BANKASI | C91: MERKEZ | D91: 209 | E91: 90001 | F91: TR690020900000068633000001 | G91: =LEN(F91) -> 26 | H91: =IF(ISERROR(VLOOKUP(A91,Excel4!D:J,7,0)),0,VLOOKUP(A91,Excel4!D:J,7,0)) -> 8770.28 | I91: BELEDİYE BAŞKANLIĞI | J91: MERKEZ | K91: AKSARAY | L91: =IF(J91="MERKEZ",K91&" "&I91,IF(J91="BÜYÜKŞEHİR",K91&" "&J91&" "&I91,J91&" "&I91&" "&K91)) -> AKSARAY BELEDİYE BAŞKANLIĞI | M91: =IF(J91="MERKEZ",K91,IF(J91="BÜYÜKŞEHİR",K91&" BÜYÜKŞEHİR",J91)) -> AKSARAY | N91: =_xlfn.XLOOKUP(M91,[1]Sheet1!$C:$C,[1]Sheet1!$G:$G) -> #N/A
A92: ORTAKÖY / AKSARAY | B92: HALKBANKASI | C92: ORTAKÖY | D92: 12 | E92: 90001 | F92: TR480001200917900007000002 | G92: =LEN(F92) -> 26 | H92: =IF(ISERROR(VLOOKUP(A92,Excel4!D:J,7,0)),0,VLOOKUP(A92,Excel4!D:J,7,0)) -> 71.16 | I92: BELEDİYE BAŞKANLIĞI | J92: ORTAKÖY | K92: AKSARAY | L92: =IF(J92="MERKEZ",K92&" "&I92,IF(J92="BÜYÜKŞEHİR",K92&" "&J92&" "&I92,J92&" "&I92&" "&K92)) -> ORTAKÖY BELEDİYE BAŞKANLIĞI AKSARAY | M92: =IF(J92="MERKEZ",K92,IF(J92="BÜYÜKŞEHİR",K92&" BÜYÜKŞEHİR",J92)) -> ORTAKÖY | N92: =_xlfn.XLOOKUP(M92,[1]Sheet1!$A:$A,[1]Sheet1!$G:$G) -> 0
A93: SAĞLIK / AKSARAY | B93: ZİRAAT BANKASI | C93: MERKEZ | D93: 10 | E93: 90001 | F93: TR760001000026365871475001 | G93: =LEN(F93) -> 26 | H93: =IF(ISERROR(VLOOKUP(A93,Excel4!D:J,7,0)),0,VLOOKUP(A93,Excel4!D:J,7,0)) -> 0 | I93: BELEDİYE BAŞKANLIĞI | J93: SAĞLIK | K93: AKSARAY | L93: =IF(J93="MERKEZ",K93&" "&I93,IF(J93="BÜYÜKŞEHİR",K93&" "&J93&" "&I93,J93&" "&I93&" "&K93)) -> SAĞLIK BELEDİYE BAŞKANLIĞI AKSARAY | M93: =IF(J93="MERKEZ",K93,IF(J93="BÜYÜKŞEHİR",K93&" BÜYÜKŞEHİR",J93)) -> SAĞLIK
A94: SARATLI / AKSARAY | B94: ZİRAAT BANKASI | C94: GÜLAĞAÇ | D94: 10 | E94: 90001 | F94: TR040001001739075314805001 | G94: =LEN(F94) -> 26 | H94: =IF(ISERROR(VLOOKUP(A94,Excel4!D:J,7,0)),0,VLOOKUP(A94,Excel4!D:J,7,0)) -> 0 | I94: BELEDİYE BAŞKANLIĞI | J94: SARATLI | K94: AKSARAY | L94: =IF(J94="MERKEZ",K94&" "&I94,IF(J94="BÜYÜKŞEHİR",K94&" "&J94&" "&I94,J94&" "&I94&" "&K94)) -> SARATLI BELEDİYE BAŞKANLIĞI AKSARAY | M94: =IF(J94="MERKEZ",K94,IF(J94="BÜYÜKŞEHİR",K94&" BÜYÜKŞEHİR",J94)) -> SARATLI
A95: SARIYAHŞİ / AKSARAY | B95: ZİRAAT BANKASI | C95: SARIYAHŞİ | D95: 10 | E95: 90001 | F95: TR170001001309069750695001 | G95: =LEN(F95) -> 26 | H95: =IF(ISERROR(VLOOKUP(A95,Excel4!D:J,7,0)),0,VLOOKUP(A95,Excel4!D:J,7,0)) -> 0 | I95: BELEDİYE BAŞKANLIĞI | J95: SARIYAHŞİ | K95: AKSARAY | L95: =IF(J95="MERKEZ",K95&" "&I95,IF(J95="BÜYÜKŞEHİR",K95&" "&J95&" "&I95,J95&" "&I95&" "&K95)) -> SARIYAHŞİ BELEDİYE BAŞKANLIĞI AKSARAY | M95: =IF(J95="MERKEZ",K95,IF(J95="BÜYÜKŞEHİR",K95&" BÜYÜKŞEHİR",J95)) -> SARIYAHŞİ
A96: SULTANHANI / AKSARAY | B96: ZİRAAT BANKASI | C96: AKSARAY | D96: 10 | E96: 90001 | F96: TR610001000026366334465001 | G96: =LEN(F96) -> 26 | H96: =IF(ISERROR(VLOOKUP(A96,Excel4!D:J,7,0)),0,VLOOKUP(A96,Excel4!D:J,7,0)) -> 1242.89 | I96: BELEDİYE BAŞKANLIĞI | J96: SULTANHANI | K96: AKSARAY | L96: =IF(J96="MERKEZ",K96&" "&I96,IF(J96="BÜYÜKŞEHİR",K96&" "&J96&" "&I96,J96&" "&I96&" "&K96)) -> SULTANHANI BELEDİYE BAŞKANLIĞI AKSARAY | M96: =IF(J96="MERKEZ",K96,IF(J96="BÜYÜKŞEHİR",K96&" BÜYÜKŞEHİR",J96)) -> SULTANHANI
A97: TAŞPINAR / AKSARAY | B97: ZİRAAT BANKASI | C97: MERKEZ | D97: 10 | E97: 90001 | F97: TR100001000026366011505001 | G97: =LEN(F97) -> 26 | H97: =IF(ISERROR(VLOOKUP(A97,Excel4!D:J,7,0)),0,VLOOKUP(A97,Excel4!D:J,7,0)) -> 0 | I97: BELEDİYE BAŞKANLIĞI | J97: TAŞPINAR | K97: AKSARAY | L97: =IF(J97="MERKEZ",K97&" "&I97,IF(J97="BÜYÜKŞEHİR",K97&" "&J97&" "&I97,J97&" "&I97&" "&K97)) -> TAŞPINAR BELEDİYE BAŞKANLIĞI AKSARAY | M97: =IF(J97="MERKEZ",K97,IF(J97="BÜYÜKŞEHİR",K97&" BÜYÜKŞEHİR",J97)) -> TAŞPINAR
A98: TOPAKKAYA / AKSARAY | B98: HALKBANKASI | C98: SARAY SİTESİ | D98: 12 | E98: 90001 | F98: TR450001200125500007000003 | G98: =LEN(F98) -> 26 | H98: =IF(ISERROR(VLOOKUP(A98,Excel4!D:J,7,0)),0,VLOOKUP(A98,Excel4!D:J,7,0)) -> 0 | I98: BELEDİYE BAŞKANLIĞI | J98: TOPAKKAYA | K98: AKSARAY | L98: =IF(J98="MERKEZ",K98&" "&I98,IF(J98="BÜYÜKŞEHİR",K98&" "&J98&" "&I98,J98&" "&I98&" "&K98)) -> TOPAKKAYA BELEDİYE BAŞKANLIĞI AKSARAY | M98: =IF(J98="MERKEZ",K98,IF(J98="BÜYÜKŞEHİR",K98&" BÜYÜKŞEHİR",J98)) -> TOPAKKAYA
A99: YENİKENT / AKSARAY | B99: ZİRAAT BANKASI | C99: AKSARAY | D99: 10 | E99: 90001 | F99: TR230001000026365870595001 | G99: =LEN(F99) -> 26 | H99: =IF(ISERROR(VLOOKUP(A99,Excel4!D:J,7,0)),0,VLOOKUP(A99,Excel4!D:J,7,0)) -> 0 | I99: BELEDİYE BAŞKANLIĞI | J99: YENİKENT | K99: AKSARAY | L99: YENİKENT BELEDİYESİ AKSARAY | M99: =IF(J99="MERKEZ",K99,IF(J99="BÜYÜKŞEHİR",K99&" BÜYÜKŞEHİR",J99)) -> YENİKENT
A100: YEŞİLOVA / AKSARAY | B100: ZİRAAT BANKASI | C100: MERKEZ | D100: 10 | E100: 90001 | F100: TR720001000026366315815001 | G100: =LEN(F100) -> 26 | H100: =IF(ISERROR(VLOOKUP(A100,Excel4!D:J,7,0)),0,VLOOKUP(A100,Excel4!D:J,7,0)) -> 0 | I100: BELEDİYE BAŞKANLIĞI | J100: YEŞİLOVA | K100: AKSARAY | L100: =IF(J100="MERKEZ",K100&" "&I100,IF(J100="BÜYÜKŞEHİR",K100&" "&J100&" "&I100,J100&" "&I100&" "&K100)) -> YEŞİLOVA BELEDİYE BAŞKANLIĞI AKSARAY | M100: =IF(J100="MERKEZ",K100,IF(J100="BÜYÜKŞEHİR",K100&" BÜYÜKŞEHİR",J100)) -> YEŞİLOVA
...

Sheet Excel5
A1: SIRA | B1: BELEDİYE | C1: İL | D1: ÜRETİM.BİNA | E1: ÜRT.MUHT. | F1: B+M | G1: İPTAL.BİNA | H1: İPTAL.MUHT. | I1: B+M(İP) | J1: GYSV | K1: MYSV | L1: YSVG | M1: YSVM | N1: NET PRİM | O1: YSV
A2: 1 | B2: ADANA BÜYÜKŞEHİR | C2: ADANA | D2: 174202.41 | E2: 154813.22 | F2: =D2+E2 -> 329015.63 | G2: 10663.7 | H2: 13590.9 | I2: =G2+H2 -> 24254.6 | J2: =D2-G2 -> 163538.71 | K2: =E2-H2 -> 141222.32 | L2: =J2*0.1 -> 16353.871 | M2: =K2*0.1 -> 14122.232 | N2: =F2-I2 -> 304761.03 | O2: =N2*0.1 -> 30476.103 | Q2: =TEXT(D2,"#.###,00") -> 174.202,41 | R2: =TEXT(E2,"#.###,00") -> 154.813,22 | S2: =TEXT(F2,"#.###,00") -> 329.015,63 | T2: =TEXT(G2,"#.###,00") -> 10.663,70 | U2: =TEXT(H2,"#.###,00") -> 13.590,90 | V2: =TEXT(I2,"#.###,00") -> 24.254,60 | W2: =TEXT(J2,"#.###,00") -> 163.538,71 | X2: =TEXT(K2,"#.###,00") -> 141.222,32 | ... AB2: =TEXT(O2,"#.###,00") -> 30.476,10
A3: 2 | B3: MERKEZ | C3: ADIYAMAN | D3: 12248.3 | E3: 15964.6 | F3: =D3+E3 -> 28212.9 | G3: 802.4 | H3: 1371.1 | I3: =G3+H3 -> 2173.5 | J3: =D3-G3 -> 11445.9 | K3: =E3-H3 -> 14593.5 | L3: =J3*0.1 -> 1144.59 | M3: =K3*0.1 -> 1459.35 | N3: =F3-I3 -> 26039.4 | O3: =N3*0.1 -> 2603.94 | Q3: =TEXT(D3,"#.###,00") -> 12.248,30 | R3: =TEXT(E3,"#.###,00") -> 15.964,60 | S3: =TEXT(F3,"#.###,00") -> 28.212,90 | T3: =TEXT(G3,"#.###,00") -> 802,40 | U3: =TEXT(H3,"#.###,00") -> 1.371,10 | V3: =TEXT(I3,"#.###,00") -> 2.173,50 | W3: =TEXT(J3,"#.###,00") -> 11.445,90 | X3: =TEXT(K3,"#.###,00") -> 14.593,50 | ... AB3: =TEXT(O3,"#.###,00") -> 2.603,94
A4: 3 | B4: KAHTA | C4: ADIYAMAN | D4: 1905.1 | E4: 3151.8 | F4: =D4+E4 -> 5056.9 | G4: 0 | H4: 0 | I4: =G4+H4 -> 0 | J4: =D4-G4 -> 1905.1 | K4: =E4-H4 -> 3151.8 | L4: =J4*0.1 -> 190.51 | M4: =K4*0.1 -> 315.18 | N4: =F4-I4 -> 5056.9 | O4: =N4*0.1 -> 505.69 | Q4: =TEXT(D4,"#.###,00") -> 1.905,10 | R4: =TEXT(E4,"#.###,00") -> 3.151,80 | S4: =TEXT(F4,"#.###,00") -> 5.056,90 | T4: =TEXT(G4,"#.###,00") -> ,00 | U4: =TEXT(H4,"#.###,00") -> ,00 | V4: =TEXT(I4,"#.###,00") -> ,00 | W4: =TEXT(J4,"#.###,00") -> 1.905,10 | X4: =TEXT(K4,"#.###,00") -> 3.151,80 | ... AB4: =TEXT(O4,"#.###,00") -> 505,69
A5: 4 | B5: BESNİ | C5: ADIYAMAN | D5: 261.1 | E5: 449.6 | F5: =D5+E5 -> 710.7 | G5: 0 | H5: 0 | I5: =G5+H5 -> 0 | J5: =D5-G5 -> 261.1 | K5: =E5-H5 -> 449.6 | L5: =J5*0.1 -> 26.11 | M5: =K5*0.1 -> 44.96 | N5: =F5-I5 -> 710.7 | O5: =N5*0.1 -> 71.07 | Q5: =TEXT(D5,"#.###,00") -> 261,10 | R5: =TEXT(E5,"#.###,00") -> 449,60 | S5: =TEXT(F5,"#.###,00") -> 710,70 | T5: =TEXT(G5,"#.###,00") -> ,00 | U5: =TEXT(H5,"#.###,00") -> ,00 | V5: =TEXT(I5,"#.###,00") -> ,00 | W5: =TEXT(J5,"#.###,00") -> 261,10 | X5: =TEXT(K5,"#.###,00") -> 449,60 | ... AB5: =TEXT(O5,"#.###,00") -> 71,07
A6: 5 | B6: ÇELİKHAN | C6: ADIYAMAN | D6: 307.4 | E6: 118 | F6: =D6+E6 -> 425.4 | G6: 0 | H6: 0 | I6: =G6+H6 -> 0 | J6: =D6-G6 -> 307.4 | K6: =E6-H6 -> 118 | L6: =J6*0.1 -> 30.74 | M6: =K6*0.1 -> 11.8 | N6: =F6-I6 -> 425.4 | O6: =N6*0.1 -> 42.54 | Q6: =TEXT(D6,"#.###,00") -> 307,40 | R6: =TEXT(E6,"#.###,00") -> 118,00 | S6: =TEXT(F6,"#.###,00") -> 425,40 | T6: =TEXT(G6,"#.###,00") -> ,00 | U6: =TEXT(H6,"#.###,00") -> ,00 | V6: =TEXT(I6,"#.###,00") -> ,00 | W6: =TEXT(J6,"#.###,00") -> 307,40 | X6: =TEXT(K6,"#.###,00") -> 118,00 | ... AB6: =TEXT(O6,"#.###,00") -> 42,54
A7: 6 | B7: GÖLBAŞI | C7: ADIYAMAN | D7: 88.6 | E7: 134.3 | F7: =D7+E7 -> 222.9 | G7: 0 | H7: 0 | I7: =G7+H7 -> 0 | J7: =D7-G7 -> 88.6 | K7: =E7-H7 -> 134.3 | L7: =J7*0.1 -> 8.86 | M7: =K7*0.1 -> 13.43 | N7: =F7-I7 -> 222.9 | O7: =N7*0.1 -> 22.29 | Q7: =TEXT(D7,"#.###,00") -> 88,60 | R7: =TEXT(E7,"#.###,00") -> 134,30 | S7: =TEXT(F7,"#.###,00") -> 222,90 | T7: =TEXT(G7,"#.###,00") -> ,00 | U7: =TEXT(H7,"#.###,00") -> ,00 | V7: =TEXT(I7,"#.###,00") -> ,00 | W7: =TEXT(J7,"#.###,00") -> 88,60 | X7: =TEXT(K7,"#.###,00") -> 134,30 | ... AB7: =TEXT(O7,"#.###,00") -> 22,29
A8: 7 | B8: MERKEZ | C8: AFYONKARAHİSAR | D8: 30076.5 | E8: 55308.7 | F8: =D8+E8 -> 85385.2 | G8: 344 | H8: 282.9 | I8: =G8+H8 -> 626.9 | J8: =D8-G8 -> 29732.5 | K8: =E8-H8 -> 55025.8 | L8: =J8*0.1 -> 2973.25 | M8: =K8*0.1 -> 5502.58 | N8: =F8-I8 -> 84758.3 | O8: =N8*0.1 -> 8475.83 | Q8: =TEXT(D8,"#.###,00") -> 30.076,50 | R8: =TEXT(E8,"#.###,00") -> 55.308,70 | S8: =TEXT(F8,"#.###,00") -> 85.385,20 | T8: =TEXT(G8,"#.###,00") -> 344,00 | U8: =TEXT(H8,"#.###,00") -> 282,90 | V8: =TEXT(I8,"#.###,00") -> 626,90 | W8: =TEXT(J8,"#.###,00") -> 29.732,50 | X8: =TEXT(K8,"#.###,00") -> 55.025,80 | ... AB8: =TEXT(O8,"#.###,00") -> 8.475,83
A9: 8 | B9: ÇAY | C9: AFYONKARAHİSAR | D9: 51763.5 | F9: =D9+E9 -> 51763.5 | G9: 0 | I9: =G9+H9 -> 0 | J9: =D9-G9 -> 51763.5 | K9: =E9-H9 -> 0 | L9: =J9*0.1 -> 5176.35 | M9: =K9*0.1 -> 0 | N9: =F9-I9 -> 51763.5 | O9: =N9*0.1 -> 5176.35 | Q9: =TEXT(D9,"#.###,00") -> 51.763,50 | R9: =TEXT(E9,"#.###,00") -> ,00 | S9: =TEXT(F9,"#.###,00") -> 51.763,50 | T9: =TEXT(G9,"#.###,00") -> ,00 | U9: =TEXT(H9,"#.###,00") -> ,00 | V9: =TEXT(I9,"#.###,00") -> ,00 | W9: =TEXT(J9,"#.###,00") -> 51.763,50 | X9: =TEXT(K9,"#.###,00") -> ,00 | ... AB9: =TEXT(O9,"#.###,00") -> 5.176,35
A10: 9 | B10: ŞUHUT | C10: AFYONKARAHİSAR | D10: 4257 | E10: 1005.5 | F10: =D10+E10 -> 5262.5 | G10: 0 | H10: 0 | I10: =G10+H10 -> 0 | J10: =D10-G10 -> 4257 | K10: =E10-H10 -> 1005.5 | L10: =J10*0.1 -> 425.7 | M10: =K10*0.1 -> 100.55 | N10: =F10-I10 -> 5262.5 | O10: =N10*0.1 -> 526.25 | Q10: =TEXT(D10,"#.###,00") -> 4.257,00 | R10: =TEXT(E10,"#.###,00") -> 1.005,50 | S10: =TEXT(F10,"#.###,00") -> 5.262,50 | T10: =TEXT(G10,"#.###,00") -> ,00 | U10: =TEXT(H10,"#.###,00") -> ,00 | V10: =TEXT(I10,"#.###,00") -> ,00 | W10: =TEXT(J10,"#.###,00") -> 4.257,00 | X10: =TEXT(K10,"#.###,00") -> 1.005,50 | ... AB10: =TEXT(O10,"#.###,00") -> 526,25
A11: 10 | B11: İSCEHİSAR | C11: AFYONKARAHİSAR | D11: 2151.9 | E11: 199.1 | F11: =D11+E11 -> 2351 | G11: 0 | H11: 0 | I11: =G11+H11 -> 0 | J11: =D11-G11 -> 2151.9 | K11: =E11-H11 -> 199.1 | L11: =J11*0.1 -> 215.19 | M11: =K11*0.1 -> 19.91 | N11: =F11-I11 -> 2351 | O11: =N11*0.1 -> 235.1 | Q11: =TEXT(D11,"#.###,00") -> 2.151,90 | R11: =TEXT(E11,"#.###,00") -> 199,10 | S11: =TEXT(F11,"#.###,00") -> 2.351,00 | T11: =TEXT(G11,"#.###,00") -> ,00 | U11: =TEXT(H11,"#.###,00") -> ,00 | V11: =TEXT(I11,"#.###,00") -> ,00 | W11: =TEXT(J11,"#.###,00") -> 2.151,90 | X11: =TEXT(K11,"#.###,00") -> 199,10 | ... AB11: =TEXT(O11,"#.###,00") -> 235,10
A12: 11 | B12: DİNAR | C12: AFYONKARAHİSAR | D12: 890.4 | E12: 1468.4 | F12: =D12+E12 -> 2358.8 | G12: 21.7 | H12: 12.1 | I12: =G12+H12 -> 33.8 | J12: =D12-G12 -> 868.7 | K12: =E12-H12 -> 1456.3 | L12: =J12*0.1 -> 86.87 | M12: =K12*0.1 -> 145.63 | N12: =F12-I12 -> 2325 | O12: =N12*0.1 -> 232.5 | Q12: =TEXT(D12,"#.###,00") -> 890,40 | R12: =TEXT(E12,"#.###,00") -> 1.468,40 | S12: =TEXT(F12,"#.###,00") -> 2.358,80 | T12: =TEXT(G12,"#.###,00") -> 21,70 | U12: =TEXT(H12,"#.###,00") -> 12,10 | V12: =TEXT(I12,"#.###,00") -> 33,80 | W12: =TEXT(J12,"#.###,00") -> 868,70 | X12: =TEXT(K12,"#.###,00") -> 1.456,30 | ... AB12: =TEXT(O12,"#.###,00") -> 232,50
A13: 12 | B13: DAZKIRI | C13: AFYONKARAHİSAR | D13: 0.2 | E13: 2049.3 | F13: =D13+E13 -> 2049.5 | G13: 0 | H13: 0 | I13: =G13+H13 -> 0 | J13: =D13-G13 -> 0.2 | K13: =E13-H13 -> 2049.3 | L13: =J13*0.1 -> 0.02 | M13: =K13*0.1 -> 204.93 | N13: =F13-I13 -> 2049.5 | O13: =N13*0.1 -> 204.95 | Q13: =TEXT(D13,"#.###,00") -> ,20 | R13: =TEXT(E13,"#.###,00") -> 2.049,30 | S13: =TEXT(F13,"#.###,00") -> 2.049,50 | T13: =TEXT(G13,"#.###,00") -> ,00 | U13: =TEXT(H13,"#.###,00") -> ,00 | V13: =TEXT(I13,"#.###,00") -> ,00 | W13: =TEXT(J13,"#.###,00") -> ,20 | X13: =TEXT(K13,"#.###,00") -> 2.049,30 | ... AB13: =TEXT(O13,"#.###,00") -> 204,95
A14: 13 | B14: İHSANİYE | C14: AFYONKARAHİSAR | D14: 0.1 | E14: 1335.8 | F14: =D14+E14 -> 1335.9 | G14: 0 | H14: 0 | I14: =G14+H14 -> 0 | J14: =D14-G14 -> 0.1 | K14: =E14-H14 -> 1335.8 | L14: =J14*0.1 -> 0.01 | M14: =K14*0.1 -> 133.58 | N14: =F14-I14 -> 1335.9 | O14: =N14*0.1 -> 133.59 | Q14: =TEXT(D14,"#.###,00") -> ,10 | R14: =TEXT(E14,"#.###,00") -> 1.335,80 | S14: =TEXT(F14,"#.###,00") -> 1.335,90 | T14: =TEXT(G14,"#.###,00") -> ,00 | U14: =TEXT(H14,"#.###,00") -> ,00 | V14: =TEXT(I14,"#.###,00") -> ,00 | W14: =TEXT(J14,"#.###,00") -> ,10 | X14: =TEXT(K14,"#.###,00") -> 1.335,80 | ... AB14: =TEXT(O14,"#.###,00") -> 133,59
A15: 14 | B15: SULTANDAĞI | C15: AFYONKARAHİSAR | D15: 688.6 | E15: 478.1 | F15: =D15+E15 -> 1166.7 | G15: 0 | H15: 0 | I15: =G15+H15 -> 0 | J15: =D15-G15 -> 688.6 | K15: =E15-H15 -> 478.1 | L15: =J15*0.1 -> 68.86 | M15: =K15*0.1 -> 47.81 | N15: =F15-I15 -> 1166.7 | O15: =N15*0.1 -> 116.67 | Q15: =TEXT(D15,"#.###,00") -> 688,60 | R15: =TEXT(E15,"#.###,00") -> 478,10 | S15: =TEXT(F15,"#.###,00") -> 1.166,70 | T15: =TEXT(G15,"#.###,00") -> ,00 | U15: =TEXT(H15,"#.###,00") -> ,00 | V15: =TEXT(I15,"#.###,00") -> ,00 | W15: =TEXT(J15,"#.###,00") -> 688,60 | X15: =TEXT(K15,"#.###,00") -> 478,10 | ... AB15: =TEXT(O15,"#.###,00") -> 116,67
A16: 15 | B16: EMİRDAĞ | C16: AFYONKARAHİSAR | D16: 909.3 | E16: 256.5 | F16: =D16+E16 -> 1165.8 | G16: 23.3 | H16: 0 | I16: =G16+H16 -> 23.3 | J16: =D16-G16 -> 886 | K16: =E16-H16 -> 256.5 | L16: =J16*0.1 -> 88.6 | M16: =K16*0.1 -> 25.65 | N16: =F16-I16 -> 1142.5 | O16: =N16*0.1 -> 114.25 | Q16: =TEXT(D16,"#.###,00") -> 909,30 | R16: =TEXT(E16,"#.###,00") -> 256,50 | S16: =TEXT(F16,"#.###,00") -> 1.165,80 | T16: =TEXT(G16,"#.###,00") -> 23,30 | U16: =TEXT(H16,"#.###,00") -> ,00 | V16: =TEXT(I16,"#.###,00") -> 23,30 | W16: =TEXT(J16,"#.###,00") -> 886,00 | X16: =TEXT(K16,"#.###,00") -> 256,50 | ... AB16: =TEXT(O16,"#.###,00") -> 114,25
A17: 16 | B17: SANDIKLI | C17: AFYONKARAHİSAR | D17: 207.2 | E17: 569.4 | F17: =D17+E17 -> 776.6 | G17: 0 | H17: 0 | I17: =G17+H17 -> 0 | J17: =D17-G17 -> 207.2 | K17: =E17-H17 -> 569.4 | L17: =J17*0.1 -> 20.72 | M17: =K17*0.1 -> 56.94 | N17: =F17-I17 -> 776.6 | O17: =N17*0.1 -> 77.66 | Q17: =TEXT(D17,"#.###,00") -> 207,20 | R17: =TEXT(E17,"#.###,00") -> 569,40 | S17: =TEXT(F17,"#.###,00") -> 776,60 | T17: =TEXT(G17,"#.###,00") -> ,00 | U17: =TEXT(H17,"#.###,00") -> ,00 | V17: =TEXT(I17,"#.###,00") -> ,00 | W17: =TEXT(J17,"#.###,00") -> 207,20 | X17: =TEXT(K17,"#.###,00") -> 569,40 | ... AB17: =TEXT(O17,"#.###,00") -> 77,66
A18: 17 | B18: SİNANPAŞA | C18: AFYONKARAHİSAR | D18: 487.9 | E18: 1075.5 | F18: =D18+E18 -> 1563.4 | G18: 0 | H18: 0 | I18: =G18+H18 -> 0 | J18: =D18-G18 -> 487.9 | K18: =E18-H18 -> 1075.5 | L18: =J18*0.1 -> 48.79 | M18: =K18*0.1 -> 107.55 | N18: =F18-I18 -> 1563.4 | O18: =N18*0.1 -> 156.34 | Q18: =TEXT(D18,"#.###,00") -> 487,90 | R18: =TEXT(E18,"#.###,00") -> 1.075,50 | S18: =TEXT(F18,"#.###,00") -> 1.563,40 | T18: =TEXT(G18,"#.###,00") -> ,00 | U18: =TEXT(H18,"#.###,00") -> ,00 | V18: =TEXT(I18,"#.###,00") -> ,00 | W18: =TEXT(J18,"#.###,00") -> 487,90 | X18: =TEXT(K18,"#.###,00") -> 1.075,50 | ... AB18: =TEXT(O18,"#.###,00") -> 156,34
A19: 18 | B19: HOCALAR | C19: AFYONKARAHİSAR | D19: 246.6 | E19: 129.8 | F19: =D19+E19 -> 376.4 | G19: 4.2 | H19: 57.2 | I19: =G19+H19 -> 61.4 | J19: =D19-G19 -> 242.4 | K19: =E19-H19 -> 72.6 | L19: =J19*0.1 -> 24.24 | M19: =K19*0.1 -> 7.26 | N19: =F19-I19 -> 315 | O19: =N19*0.1 -> 31.5 | Q19: =TEXT(D19,"#.###,00") -> 246,60 | R19: =TEXT(E19,"#.###,00") -> 129,80 | S19: =TEXT(F19,"#.###,00") -> 376,40 | T19: =TEXT(G19,"#.###,00") -> 4,20 | U19: =TEXT(H19,"#.###,00") -> 57,20 | V19: =TEXT(I19,"#.###,00") -> 61,40 | W19: =TEXT(J19,"#.###,00") -> 242,40 | X19: =TEXT(K19,"#.###,00") -> 72,60 | ... AB19: =TEXT(O19,"#.###,00") -> 31,50
A20: 19 | B20: MERKEZ | C20: AĞRI | D20: 11599.7 | E20: 2700.7 | F20: =D20+E20 -> 14300.4 | G20: 122.3 | H20: 546.9 | I20: =G20+H20 -> 669.2 | J20: =D20-G20 -> 11477.4 | K20: =E20-H20 -> 2153.8 | L20: =J20*0.1 -> 1147.74 | M20: =K20*0.1 -> 215.38 | N20: =F20-I20 -> 13631.2 | O20: =N20*0.1 -> 1363.12 | Q20: =TEXT(D20,"#.###,00") -> 11.599,70 | R20: =TEXT(E20,"#.###,00") -> 2.700,70 | S20: =TEXT(F20,"#.###,00") -> 14.300,40 | T20: =TEXT(G20,"#.###,00") -> 122,30 | U20: =TEXT(H20,"#.###,00") -> 546,90 | V20: =TEXT(I20,"#.###,00") -> 669,20 | W20: =TEXT(J20,"#.###,00") -> 11.477,40 | X20: =TEXT(K20,"#.###,00") -> 2.153,80 | ... AB20: =TEXT(O20,"#.###,00") -> 1.363,12
A21: 20 | B21: PATNOS | C21: AĞRI | D21: 6155.3 | E21: 221 | F21: =D21+E21 -> 6376.3 | G21: 255.7 | H21: 570.1 | I21: =G21+H21 -> 825.8 | J21: =D21-G21 -> 5899.6 | K21: =E21-H21 -> -349.1 | L21: =J21*0.1 -> 589.96 | M21: =K21*0.1 -> -34.91 | N21: =F21-I21 -> 5550.5 | O21: =N21*0.1 -> 555.05 | Q21: =TEXT(D21,"#.###,00") -> 6.155,30 | R21: =TEXT(E21,"#.###,00") -> 221,00 | S21: =TEXT(F21,"#.###,00") -> 6.376,30 | T21: =TEXT(G21,"#.###,00") -> 255,70 | U21: =TEXT(H21,"#.###,00") -> 570,10 | V21: =TEXT(I21,"#.###,00") -> 825,80 | W21: =TEXT(J21,"#.###,00") -> 5.899,60 | X21: =TEXT(K21,"#.###,00") -> -349,10 | ... AB21: =TEXT(O21,"#.###,00") -> 555,05
... A24: 23 | B24: SULTANHANI | C24: AKSARAY | D24: 15822.4 | E24: 10439.7 | F24: =D24+E24 -> 26262.1 | G24: 7826.9 | H24: 6006.3 | I24: =G24+H24 -> 13833.2 | J24: =D24-G24 -> 7995.5 | K24: =E24-H24 -> 4433.4 | L24: =J24*0.1 -> 799.55 | M24: =K24*0.1 -> 443.34 | N24: =F24-I24 -> 12428.9 | O24: =N24*0.1 -> 1242.89 | Q24: =TEXT(D24,"#.###,00") -> 15.822,40 | R24: =TEXT(E24,"#.###,00") -> 10.439,70 | S24: =TEXT(F24,"#.###,00") -> 26.262,10 | T24: =TEXT(G24,"#.###,00") -> 7.826,90 | U24: =TEXT(H24,"#.###,00") -> 6.006,30 | V24: =TEXT(I24,"#.###,00") -> 13.833,20 | W24: =TEXT(J24,"#.###,00") -> 7.995,50 | X24: =TEXT(K24,"#.###,00") -> 4.433,40 | ... AB24: =TEXT(O24,"#.###,00") -> 1.242,89
A25: 24 | B25: AĞAÇÖREN | C25: AKSARAY | E25: 4362.3 | F25: =D25+E25 -> 4362.3 | H25: 0 | I25: =G25+H25 -> 0 | J25: =D25-G25 -> 0 | K25: =E25-H25 -> 4362.3 | L25: =J25*0.1 -> 0 | M25: =K25*0.1 -> 436.23 | N25: =F25-I25 -> 4362.3 | O25: =N25*0.1 -> 436.23 | Q25: =TEXT(D25,"#.###,00") -> ,00 | R25: =TEXT(E25,"#.###,00") -> 4.362,30 | S25: =TEXT(F25,"#.###,00") -> 4.362,30 | T25: =TEXT(G25,"#.###,00") -> ,00 | U25: =TEXT(H25,"#.###,00") -> ,00 | V25: =TEXT(I25,"#.###,00") -> ,00 | W25: =TEXT(J25,"#.###,00") -> ,00 | X25: =TEXT(K25,"#.###,00") -> 4.362,30 | ... AB25: =TEXT(O25,"#.###,00") -> 436,23
A26: 25 | B26: ESKİL | C26: AKSARAY | D26: 551 | E26: 2947.3 | F26: =D26+E26 -> 3498.3 | G26: 110.2 | H26: 587.1 | I26: =G26+H26 -> 697.3 | J26: =D26-G26 -> 440.8 | K26: =E26-H26 -> 2360.2 | L26: =J26*0.1 -> 44.08 | M26: =K26*0.1 -> 236.02 | N26: =F26-I26 -> 2801 | O26: =N26*0.1 -> 280.1 | Q26: =TEXT(D26,"#.###,00") -> 551,00 | R26: =TEXT(E26,"#.###,00") -> 2.947,30 | S26: =TEXT(F26,"#.###,00") -> 3.498,30 | T26: =TEXT(G26,"#.###,00") -> 110,20 | U26: =TEXT(H26,"#.###,00") -> 587,10 | V26: =TEXT(I26,"#.###,00") -> 697,30 | W26: =TEXT(J26,"#.###,00") -> 440,80 | X26: =TEXT(K26,"#.###,00") -> 2.360,20 | ... AB26: =TEXT(O26,"#.###,00") -> 280,10
A27: 26 | B27: ORTAKÖY | C27: AKSARAY | D27: 310.4 | E27: 401.2 | F27: =D27+E27 -> 711.6 | G27: 0 | H27: 0 | I27: =G27+H27 -> 0 | J27: =D27-G27 -> 310.4 | K27: =E27-H27 -> 401.2 | L27: =J27*0.1 -> 31.04 | M27: =K27*0.1 -> 40.12 | N27: =F27-I27 -> 711.6 | O27: =N27*0.1 -> 71.16 | Q27: =TEXT(D27,"#.###,00") -> 310,40 | R27: =TEXT(E27,"#.###,00") -> 401,20 | S27: =TEXT(F27,"#.###,00") -> 711,60 | T27: =TEXT(G27,"#.###,00") -> ,00 | U27: =TEXT(H27,"#.###,00") -> ,00 | V27: =TEXT(I27,"#.###,00") -> ,00 | W27: =TEXT(J27,"#.###,00") -> 310,40 | X27: =TEXT(K27,"#.###,00") -> 401,20 | ... AB27: =TEXT(O27,"#.###,00") -> 71,16
A28: 27 | B28: GÜZELYURT | C28: AKSARAY | D28: 85.8 | E28: 51.9 | F28: =D28+E28 -> 137.7 | G28: 0.1 | H28: 0 | I28: =G28+H28 -> 0.1 | J28: =D28-G28 -> 85.7 | K28: =E28-H28 -> 51.9 | L28: =J28*0.1 -> 8.57 | M28: =K28*0.1 -> 5.19 | N28: =F28-I28 -> 137.6 | O28: =N28*0.1 -> 13.76 | Q28: =TEXT(D28,"#.###,00") -> 85,80 | R28: =TEXT(E28,"#.###,00") -> 51,90 | S28: =TEXT(F28,"#.###,00") -> 137,70 | T28: =TEXT(G28,"#.###,00") -> ,10 | U28: =TEXT(H28,"#.###,00") -> ,00 | V28: =TEXT(I28,"#.###,00") -> ,10 | W28: =TEXT(J28,"#.###,00") -> 85,70 | X28: =TEXT(K28,"#.###,00") -> 51,90 | ... AB28: =TEXT(O28,"#.###,00") -> 13,76
A29: 28 | B29: MERKEZ | C29: AMASYA | D29: 18996.4 | E29: 45496 | F29: =D29+E29 -> 64492.4 | G29: 173.7 | H29: 602.3 | I29: =G29+H29 -> 776 | J29: =D29-G29 -> 18822.7 | K29: =E29-H29 -> 44893.7 | L29: =J29*0.1 -> 1882.27 | M29: =K29*0.1 -> 4489.37 | N29: =F29-I29 -> 63716.4 | O29: =N29*0.1 -> 6371.64 | Q29: =TEXT(D29,"#.###,00") -> 18.996,40 | R29: =TEXT(E29,"#.###,00") -> 45.496,00 | S29: =TEXT(F29,"#.###,00") -> 64.492,40 | T29: =TEXT(G29,"#.###,00") -> 173,70 | U29: =TEXT(H29,"#.###,00") -> 602,30 | V29: =TEXT(I29,"#.###,00") -> 776,00 | W29: =TEXT(J29,"#.###,00") -> 18.822,70 | X29: =TEXT(K29,"#.###,00") -> 44.893,70 | ... AB29: =TEXT(O29,"#.###,00") -> 6.371,64
A30: 29 | B30: MERZİFON | C30: AMASYA | D30: 5248.4 | E30: 2442.3 | F30: =D30+E30 -> 7690.7 | G30: 45 | H30: 402.8 | I30: =G30+H30 -> 447.8 | J30: =D30-G30 -> 5203.4 | K30: =E30-H30 -> 2039.5 | L30: =J30*0.1 -> 520.34 | M30: =K30*0.1 -> 203.95 | N30: =F30-I30 -> 7242.9 | O30: =N30*0.1 -> 724.29 | Q30: =TEXT(D30,"#.###,00") -> 5.248,40 | R30: =TEXT(E30,"#.###,00") -> 2.442,30 | S30: =TEXT(F30,"#.###,00") -> 7.690,70 | T30: =TEXT(G30,"#.###,00") -> 45,00 | U30: =TEXT(H30,"#.###,00") -> 402,80 | V30: =TEXT(I30,"#.###,00") -> 447,80 | W30: =TEXT(J30,"#.###,00") -> 5.203,40 | X30: =TEXT(K30,"#.###,00") -> 2.039,50 | ... AB30: =TEXT(O30,"#.###,00") -> 724,29
A31: 30 | B31: GÜMÜŞHACIKÖY | C31: AMASYA | D31: 377.1 | E31: 313.3 | F31: =D31+E31 -> 690.4 | G31: 0 | H31: 0 | I31: =G31+H31 -> 0 | J31: =D31-G31 -> 377.1 | K31: =E31-H31 -> 313.3 | L31: =J31*0.1 -> 37.71 | M31: =K31*0.1 -> 31.33 | N31: =F31-I31 -> 690.4 | O31: =N31*0.1 -> 69.04 | Q31: =TEXT(D31,"#.###,00") -> 377,10 | R31: =TEXT(E31,"#.###,00") -> 313,30 | S31: =TEXT(F31,"#.###,00") -> 690,40 | T31: =TEXT(G31,"#.###,00") -> ,00 | U31: =TEXT(H31,"#.###,00") -> ,00 | V31: =TEXT(I31,"#.###,00") -> ,00 | W31: =TEXT(J31,"#.###,00") -> 377,10 | X31: =TEXT(K31,"#.###,00") -> 313,30 | ... AB31: =TEXT(O31,"#.###,00") -> 69,04
A32: 31 | B32: GÖYNÜCEK | C32: AMASYA | D32: 5.4 | E32: 103.3 | F32: =D32+E32 -> 108.7 | G32: 0 | H32: 0 | I32: =G32+H32 -> 0 | J32: =D32-G32 -> 5.4 | K32: =E32-H32 -> 103.3 | L32: =J32*0.1 -> 0.54 | M32: =K32*0.1 -> 10.33 | N32: =F32-I32 -> 108.7 | O32: =N32*0.1 -> 10.87 | Q32: =TEXT(D32,"#.###,00") -> 5,40 | R32: =TEXT(E32,"#.###,00") -> 103,30 | S32: =TEXT(F32,"#.###,00") -> 108,70 | T32: =TEXT(G32,"#.###,00") -> ,00 | U32: =TEXT(H32,"#.###,00") -> ,00 | V32: =TEXT(I32,"#.###,00") -> ,00 | W32: =TEXT(J32,"#.###,00") -> 5,40 | X32: =TEXT(K32,"#.###,00") -> 103,30 | ... AB32: =TEXT(O32,"#.###,00") -> 10,87
A33: 32 | B33: TAŞOVA | C33: AMASYA | D33: 5.4 | E33: 103.3 | F33: =D33+E33 -> 108.7 | G33: 0 | H33: 0 | I33: =G33+H33 -> 0 | J33: =D33-G33 -> 5.4 | K33: =E33-H33 -> 103.3 | L33: =J33*0.1 -> 0.54 | M33: =K33*0.1 -> 10.33 | N33: =F33-I33 -> 108.7 | O33: =N33*0.1 -> 10.87 | Q33: =TEXT(D33,"#.###,00") -> 5,40 | R33: =TEXT(E33,"#.###,00") -> 103,30 | S33: =TEXT(F33,"#.###,00") -> 108,70 | T33: =TEXT(G33,"#.###,00") -> ,00 | U33: =TEXT(H33,"#.###,00") -> ,00 | V33: =TEXT(I33,"#.###,00") -> ,00 | W33: =TEXT(J33,"#.###,00") -> 5,40 | X33: =TEXT(K33,"#.###,00") -> 103,30 | ... AB33: =TEXT(O33,"#.###,00") -> 10,87
A34: 33 | B34: SULUOVA | C34: AMASYA | D34: 207 | F34: =D34+E34 -> 207 | G34: 126.4 | I34: =G34+H34 -> 126.4 | J34: =D34-G34 -> 80.6 | K34: =E34-H34 -> 0 | L34: =J34*0.1 -> 8.06 | M34: =K34*0.1 -> 0 | N34: =F34-I34 -> 80.6 | O34: =N34*0.1 -> 8.06 | Q34: =TEXT(D34,"#.###,00") -> 207,00 | R34: =TEXT(E34,"#.###,00") -> ,00 | S34: =TEXT(F34,"#.###,00") -> 207,00 | T34: =TEXT(G34,"#.###,00") -> 126,40 | U34: =TEXT(H34,"#.###,00") -> ,00 | V34: =TEXT(I34,"#.###,00") -> 126,40 | W34: =TEXT(J34,"#.###,00") -> 80,60 | X34: =TEXT(K34,"#.###,00") -> ,00 | ... AB34: =TEXT(O34,"#.###,00") -> 8,06
A35: 34 | B35: ANKARA BÜYÜKŞEHİR | C35: ANKARA | D35: 1011237.3 | E35: 1497153.8 | F35: =D35+E35 -> 2508391.1 | G35: 51577.41 | H35: 107930.46 | I35: =G35+H35 -> 159507.87 | J35: =D35-G35 -> 959659.89 | K35: =E35-H35 -> 1389223.3 | L35: =J35*0.1 -> 95965.989 | M35: =K35*0.1 -> 138922.33 | N35: =F35-I35 -> 2348883.2 | O35: =N35*0.1 -> 234888.32 | Q35: =TEXT(D35,"#.###,00") -> 1.011.237,30 | R35: =TEXT(E35,"#.###,00") -> 1.497.153,79 | S35: =TEXT(F35,"#.###,00") -> 2.508.391,09 | T35: =TEXT(G35,"#.###,00") -> 51.577,41 | U35: =TEXT(H35,"#.###,00") -> 107.930,46 | V35: =TEXT(I35,"#.###,00") -> 159.507,87 | W35: =TEXT(J35,"#.###,00") -> 959.659,89 | X35: =TEXT(K35,"#.###,00") -> 1.389.223,33 | ... AB35: =TEXT(O35,"#.###,00") -> 234.888,32
A36: 35 | B36: ANTALYA BÜYÜKŞEHİR | C36: ANTALYA | D36: 656158.68 | E36: 1043094.9 | F36: =D36+E36 -> 1699253.6 | G36: 66212.22 | H36: 73315.48 | I36: =G36+H36 -> 139527.7 | J36: =D36-G36 -> 589946.46 | K36: =E36-H36 -> 969779.47 | L36: =J36*0.1 -> 58994.646 | M36: =K36*0.1 -> 96977.947 | N36: =F36-I36 -> 1559725.9 | O36: =N36*0.1 -> 155972.59 | Q36: =TEXT(D36,"#.###,00") -> 656.158,68 | R36: =TEXT(E36,"#.###,00") -> 1.043.094,95 | S36: =TEXT(F36,"#.###,00") -> 1.699.253,63 | T36: =TEXT(G36,"#.###,00") -> 66.212,22 | U36: =TEXT(H36,"#.###,00") -> 73.315,48 | V36: =TEXT(I36,"#.###,00") -> 139.527,70 | W36: =TEXT(J36,"#.###,00") -> 589.946,46 | X36: =TEXT(K36,"#.###,00") -> 969.779,47 | ... AB36: =TEXT(O36,"#.###,00") -> 155.972,59
A37: 36 | B37: MERKEZ | C37: ARDAHAN | D37: 4355 | E37: 2429.3 | F37: =D37+E37 -> 6784.3 | G37: 1738.6 | H37: 28.3 | I37: =G37+H37 -> 1766.9 | J37: =D37-G37 -> 2616.4 | K37: =E37-H37 -> 2401 | L37: =J37*0.1 -> 261.64 | M37: =K37*0.1 -> 240.1 | N37: =F37-I37 -> 5017.4 | O37: =N37*0.1 -> 501.74 | Q37: =TEXT(D37,"#.###,00") -> 4.355,00 | R37: =TEXT(E37,"#.###,00") -> 2.429,30 | S37: =TEXT(F37,"#.###,00") -> 6.784,30 | T37: =TEXT(G37,"#.###,00") -> 1.738,60 | U37: =TEXT(H37,"#.###,00") -> 28,30 | V37: =TEXT(I37,"#.###,00") -> 1.766,90 | W37: =TEXT(J37,"#.###,00") -> 2.616,40 | X37: =TEXT(K37,"#.###,00") -> 2.401,00 | ... AB37: =TEXT(O37,"#.###,00") -> 501,74
A38: 37 | B38: GÖLE | C38: ARDAHAN | D38: 1702.7 | E38: 502.7 | F38: =D38+E38 -> 2205.4 | G38: 0 | H38: 0 | I38: =G38+H38 -> 0 | J38: =D38-G38 -> 1702.7 | K38: =E38-H38 -> 502.7 | L38: =J38*0.1 -> 170.27 | M38: =K38*0.1 -> 50.27 | N38: =F38-I38 -> 2205.4 | O38: =N38*0.1 -> 220.54 | Q38: =TEXT(D38,"#.###,00") -> 1.702,70 | R38: =TEXT(E38,"#.###,00") -> 502,70 | S38: =TEXT(F38,"#.###,00") -> 2.205,40 | T38: =TEXT(G38,"#.###,00") -> ,00 | U38: =TEXT(H38,"#.###,00") -> ,00 | V38: =TEXT(I38,"#.###,00") -> ,00 | W38: =TEXT(J38,"#.###,00") -> 1.702,70 | X38: =TEXT(K38,"#.###,00") -> 502,70 | ... AB38: =TEXT(O38,"#.###,00") -> 220,54
A39: 38 | B39: HANAK | C39: ARDAHAN | D39: 455.8 | E39: 45.8 | F39: =D39+E39 -> 501.6 | G39: 0 | H39: 0 | I39: =G39+H39 -> 0 | J39: =D39-G39 -> 455.8 | K39: =E39-H39 -> 45.8 | L39: =J39*0.1 -> 45.58 | M39: =K39*0.1 -> 4.58 | N39: =F39-I39 -> 501.6 | O39: =N39*0.1 -> 50.16 | Q39: =TEXT(D39,"#.###,00") -> 455,80 | R39: =TEXT(E39,"#.###,00") -> 45,80 | S39: =TEXT(F39,"#.###,00") -> 501,60 | T39: =TEXT(G39,"#.###,00") -> ,00 | U39: =TEXT(H39,"#.###,00") -> ,00 | V39: =TEXT(I39,"#.###,00") -> ,00 | W39: =TEXT(J39,"#.###,00") -> 455,80 | X39: =TEXT(K39,"#.###,00") -> 45,80 | ... AB39: =TEXT(O39,"#.###,00") -> 50,16
A40: 39 | B40: POSOF | C40: ARDAHAN | D40: 4.6 | E40: 478.5 | F40: =D40+E40 -> 483.1 | G40: 0 | H40: 0 | I40: =G40+H40 -> 0 | J40: =D40-G40 -> 4.6 | K40: =E40-H40 -> 478.5 | L40: =J40*0.1 -> 0.46 | M40: =K40*0.1 -> 47.85 | N40: =F40-I40 -> 483.1 | O40: =N40*0.1 -> 48.31 | Q40: =TEXT(D40,"#.###,00") -> 4,60 | R40: =TEXT(E40,"#.###,00") -> 478,50 | S40: =TEXT(F40,"#.###,00") -> 483,10 | T40: =TEXT(G40,"#.###,00") -> ,00 | U40: =TEXT(H40,"#.###,00") -> ,00 | V40: =TEXT(I40,"#.###,00") -> ,00 | W40: =TEXT(J40,"#.###,00") -> 4,60 | X40: =TEXT(K40,"#.###,00") -> 478,50 | ... AB40: =TEXT(O40,"#.###,00") -> 48,31
A41: 40 | B41: DAMAL | C41: ARDAHAN | D41: 288.7 | E41: 186.4 | F41: =D41+E41 -> 475.1 | G41: 0 | H41: 0 | I41: =G41+H41 -> 0 | J41: =D41-G41 -> 288.7 | K41: =E41-H41 -> 186.4 | L41: =J41*0.1 -> 28.87 | M41: =K41*0.1 -> 18.64 | N41: =F41-I41 -> 475.1 | O41: =N41*0.1 -> 47.51 | Q41: =TEXT(D41,"#.###,00") -> 288,70 | R41: =TEXT(E41,"#.###,00") -> 186,40 | S41: =TEXT(F41,"#.###,00") -> 475,10 | T41: =TEXT(G41,"#.###,00") -> ,00 | U41: =TEXT(H41,"#.###,00") -> ,00 | V41: =TEXT(I41,"#.###,00") -> ,00 | W41: =TEXT(J41,"#.###,00") -> 288,70 | X41: =TEXT(K41,"#.###,00") -> 186,40 | ... AB41: =TEXT(O41,"#.###,00") -> 47,51
A42: 41 | B42: HOPA | C42: ARTVİN | D42: 2585.7 | E42: 1052.9 | F42: =D42+E42 -> 3638.6 | G42: 998.5 | H42: 0 | I42: =G42+H42 -> 998.5 | J42: =D42-G42 -> 1587.2 | K42: =E42-H42 -> 1052.9 | L42: =J42*0.1 -> 158.72 | M42: =K42*0.1 -> 105.29 | N42: =F42-I42 -> 2640.1 | O42: =N42*0.1 -> 264.01 | Q42: =TEXT(D42,"#.###,00") -> 2.585,70 | R42: =TEXT(E42,"#.###,00") -> 1.052,90 | S42: =TEXT(F42,"#.###,00") -> 3.638,60 | T42: =TEXT(G42,"#.###,00") -> 998,50 | U42: =TEXT(H42,"#.###,00") -> ,00 | V42: =TEXT(I42,"#.###,00") -> 998,50 | W42: =TEXT(J42,"#.###,00") -> 1.587,20 | X42: =TEXT(K42,"#.###,00") -> 1.052,90 | ... AB42: =TEXT(O42,"#.###,00") -> 264,01
A43: 42 | B43: MERKEZ | C43: ARTVİN | D43: 1202.2 | E43: 2736.7 | F43: =D43+E43 -> 3938.9 | G43: 714.6 | H43: 2192.6 | I43: =G43+H43 -> 2907.2 | J43: =D43-G43 -> 487.6 | K43: =E43-H43 -> 544.1 | L43: =J43*0.1 -> 48.76 | M43: =K43*0.1 -> 54.41 | N43: =F43-I43 -> 1031.7 | O43: =N43*0.1 -> 103.17 | Q43: =TEXT(D43,"#.###,00") -> 1.202,20 | R43: =TEXT(E43,"#.###,00") -> 2.736,70 | S43: =TEXT(F43,"#.###,00") -> 3.938,90 | T43: =TEXT(G43,"#.###,00") -> 714,60 | U43: =TEXT(H43,"#.###,00") -> 2.192,60 | V43: =TEXT(I43,"#.###,00") -> 2.907,20 | W43: =TEXT(J43,"#.###,00") -> 487,60 | X43: =TEXT(K43,"#.###,00") -> 544,10 | ... AB43: =TEXT(O43,"#.###,00") -> 103,17
A44: 43 | B44: YUSUFELİ | C44: ARTVİN | D44: 507.2 | E44: 240.3 | F44: =D44+E44 -> 747.5 | G44: 0 | H44: 0 | I44: =G44+H44 -> 0 | J44: =D44-G44 -> 507.2 | K44: =E44-H44 -> 240.3 | L44: =J44*0.1 -> 50.72 | M44: =K44*0.1 -> 24.03 | N44: =F44-I44 -> 747.5 | O44: =N44*0.1 -> 74.75 | Q44: =TEXT(D44,"#.###,00") -> 507,20 | R44: =TEXT(E44,"#.###,00") -> 240,30 | S44: =TEXT(F44,"#.###,00") -> 747,50 | T44: =TEXT(G44,"#.###,00") -> ,00 | U44: =TEXT(H44,"#.###,00") -> ,00 | V44: =TEXT(I44,"#.###,00") -> ,00 | W44: =TEXT(J44,"#.###,00") -> 507,20 | X44: =TEXT(K44,"#.###,00") -> 240,30 | ... AB44: =TEXT(O44,"#.###,00") -> 74,75
A45: 44 | B45: ARHAVİ | C45: ARTVİN | D45: 178.6 | E45: 433.3 | F45: =D45+E45 -> 611.9 | G45: 0 | H45: 0 | I45: =G45+H45 -> 0 | J45: =D45-G45 -> 178.6 | K45: =E45-H45 -> 433.3 | L45: =J45*0.1 -> 17.86 | M45: =K45*0.1 -> 43.33 | N45: =F45-I45 -> 611.9 | O45: =N45*0.1 -> 61.19 | Q45: =TEXT(D45,"#.###,00") -> 178,60 | R45: =TEXT(E45,"#.###,00") -> 433,30 | S45: =TEXT(F45,"#.###,00") -> 611,90 | T45: =TEXT(G45,"#.###,00") -> ,00 | U45: =TEXT(H45,"#.###,00") -> ,00 | V45: =TEXT(I45,"#.###,00") -> ,00 | W45: =TEXT(J45,"#.###,00") -> 178,60 | X45: =TEXT(K45,"#.###,00") -> 433,30 | ... AB45: =TEXT(O45,"#.###,00") -> 61,19
A46: 45 | B46: AYDIN BÜYÜKŞEHİR | C46: AYDIN | D46: 99432.1 | E46: 122188.51 | F46: =D46+E46 -> 221620.61 | G46: 11764.01 | H46: 16220.01 | I46: =G46+H46 -> 27984.02 | J46: =D46-G46 -> 87668.09 | K46: =E46-H46 -> 105968.5 | L46: =J46*0.1 -> 8766.809 | M46: =K46*0.1 -> 10596.85 | N46: =F46-I46 -> 193636.59 | O46: =N46*0.1 -> 19363.659 | Q46: =TEXT(D46,"#.###,00") -> 99.432,10 | R46: =TEXT(E46,"#.###,00") -> 122.188,51 | S46: =TEXT(F46,"#.###,00") -> 221.620,61 | T46: =TEXT(G46,"#.###,00") -> 11.764,01 | U46: =TEXT(H46,"#.###,00") -> 16.220,01 | V46: =TEXT(I46,"#.###,00") -> 27.984,02 | W46: =TEXT(J46,"#.###,00") -> 87.668,09 | X46: =TEXT(K46,"#.###,00") -> 105.968,50 | ... AB46: =TEXT(O46,"#.###,00") -> 19.363,66
... A61: 60 | B61: MERKEZ | C61: BİNGÖL | D61: 15455.5 | E61: 5983.9 | F61: =D61+E61 -> 21439.4 | G61: 5522.1 | H61: 1636.1 | I61: =G61+H61 -> 7158.2 | J61: =D61-G61 -> 9933.4 | K61: =E61-H61 -> 4347.8 | L61: =J61*0.1 -> 993.34 | M61: =K61*0.1 -> 434.78 | N61: =F61-I61 -> 14281.2 | O61: =N61*0.1 -> 1428.12 | Q61: =TEXT(D61,"#.###,00") -> 15.455,50 | R61: =TEXT(E61,"#.###,00") -> 5.983,90 | S61: =TEXT(F61,"#.###,00") -> 21.439,40 | T61: =TEXT(G61,"#.###,00") -> 5.522,10 | U61: =TEXT(H61,"#.###,00") -> 1.636,10 | V61: =TEXT(I61,"#.###,00") -> 7.158,20 | W61: =TEXT(J61,"#.###,00") -> 9.933,40 | X61: =TEXT(K61,"#.###,00") -> 4.347,80 | ... AB61: =TEXT(O61,"#.###,00") -> 1.428,12
A62: 61 | B62: KARLIOVA | C62: BİNGÖL | D62: 917.5 | F62: =D62+E62 -> 917.5 | G62: 0 | I62: =G62+H62 -> 0 | J62: =D62-G62 -> 917.5 | K62: =E62-H62 -> 0 | L62: =J62*0.1 -> 91.75 | M62: =K62*0.1 -> 0 | N62: =F62-I62 -> 917.5 | O62: =N62*0.1 -> 91.75 | Q62: =TEXT(D62,"#.###,00") -> 917,50 | R62: =TEXT(E62,"#.###,00") -> ,00 | S62: =TEXT(F62,"#.###,00") -> 917,50 | T62: =TEXT(G62,"#.###,00") -> ,00 | U62: =TEXT(H62,"#.###,00") -> ,00 | V62: =TEXT(I62,"#.###,00") -> ,00 | W62: =TEXT(J62,"#.###,00") -> 917,50 | X62: =TEXT(K62,"#.###,00") -> ,00 | ... AB62: =TEXT(O62,"#.###,00") -> 91,75
A63: 62 | B63: MERKEZ | C63: BİTLİS | D63: 1315.9 | E63: 13052.2 | F63: =D63+E63 -> 14368.1 | G63: 439.2 | H63: 8164.9 | I63: =G63+H63 -> 8604.1 | J63: =D63-G63 -> 876.7 | K63: =E63-H63 -> 4887.3 | L63: =J63*0.1 -> 87.67 | M63: =K63*0.1 -> 488.73 | N63: =F63-I63 -> 5764 | O63: =N63*0.1 -> 576.4 | Q63: =TEXT(D63,"#.###,00") -> 1.315,90 | R63: =TEXT(E63,"#.###,00") -> 13.052,20 | S63: =TEXT(F63,"#.###,00") -> 14.368,10 | T63: =TEXT(G63,"#.###,00") -> 439,20 | U63: =TEXT(H63,"#.###,00") -> 8.164,90 | V63: =TEXT(I63,"#.###,00") -> 8.604,10 | W63: =TEXT(J63,"#.###,00") -> 876,70 | X63: =TEXT(K63,"#.###,00") -> 4.887,30 | ... AB63: =TEXT(O63,"#.###,00") -> 576,40
A64: 63 | B64: TATVAN | C64: BİTLİS | D64: 902.6 | E64: 249.7 | F64: =D64+E64 -> 1152.3 | G64: 317.6 | H64: 196 | I64: =G64+H64 -> 513.6 | J64: =D64-G64 -> 585 | K64: =E64-H64 -> 53.7 | L64: =J64*0.1 -> 58.5 | M64: =K64*0.1 -> 5.37 | N64: =F64-I64 -> 638.7 | O64: =N64*0.1 -> 63.87 | Q64: =TEXT(D64,"#.###,00") -> 902,60 | R64: =TEXT(E64,"#.###,00") -> 249,70 | S64: =TEXT(F64,"#.###,00") -> 1.152,30 | T64: =TEXT(G64,"#.###,00") -> 317,60 | U64: =TEXT(H64,"#.###,00") -> 196,00 | V64: =TEXT(I64,"#.###,00") -> 513,60 | W64: =TEXT(J64,"#.###,00") -> 585,00 | X64: =TEXT(K64,"#.###,00") -> 53,70 | ... AB64: =TEXT(O64,"#.###,00") -> 63,87
A65: 64 | B65: AHLAT | C65: BİTLİS | D65: 273.5 | E65: 247.8 | F65: =D65+E65 -> 521.3 | G65: 0 | H65: 0 | I65: =G65+H65 -> 0 | J65: =D65-G65 -> 273.5 | K65: =E65-H65 -> 247.8 | L65: =J65*0.1 -> 27.35 | M65: =K65*0.1 -> 24.78 | N65: =F65-I65 -> 521.3 | O65: =N65*0.1 -> 52.13 | Q65: =TEXT(D65,"#.###,00") -> 273,50 | R65: =TEXT(E65,"#.###,00") -> 247,80 | S65: =TEXT(F65,"#.###,00") -> 521,30 | T65: =TEXT(G65,"#.###,00") -> ,00 | U65: =TEXT(H65,"#.###,00") -> ,00 | V65: =TEXT(I65,"#.###,00") -> ,00 | W65: =TEXT(J65,"#.###,00") -> 273,50 | X65: =TEXT(K65,"#.###,00") -> 247,80 | ... AB65: =TEXT(O65,"#.###,00") -> 52,13
A66: 65 | B66: MERKEZ | C66: BOLU | D66: 51898.36 | E66: 69887.79 | F66: =D66+E66 -> 121786.15 | G66: 590.6 | H66: 697.1 | I66: =G66+H66 -> 1287.7 | J66: =D66-G66 -> 51307.76 | K66: =E66-H66 -> 69190.69 | L66: =J66*0.1 -> 5130.776 | M66: =K66*0.1 -> 6919.069 | N66: =F66-I66 -> 120498.45 | O66: =N66*0.1 -> 12049.845 | Q66: =TEXT(D66,"#.###,00") -> 51.898,36 | R66: =TEXT(E66,"#.###,00") -> 69.887,79 | S66: =TEXT(F66,"#.###,00") -> 121.786,15 | T66: =TEXT(G66,"#.###,00") -> 590,60 | U66: =TEXT(H66,"#.###,00") -> 697,10 | V66: =TEXT(I66,"#.###,00") -> 1.287,70 | W66: =TEXT(J66,"#.###,00") -> 51.307,76 | X66: =TEXT(K66,"#.###,00") -> 69.190,69 | ... AB66: =TEXT(O66,"#.###,00") -> 12.049,85
A67: 66 | B67: GEREDE | C67: BOLU | D67: 166.6 | E67: 3.4 | F67: =D67+E67 -> 170 | G67: 0 | H67: 0 | I67: =G67+H67 -> 0 | J67: =D67-G67 -> 166.6 | K67: =E67-H67 -> 3.4 | L67: =J67*0.1 -> 16.66 | M67: =K67*0.1 -> 0.34 | N67: =F67-I67 -> 170 | O67: =N67*0.1 -> 17 | Q67: =TEXT(D67,"#.###,00") -> 166,60 | R67: =TEXT(E67,"#.###,00") -> 3,40 | S67: =TEXT(F67,"#.###,00") -> 170,00 | T67: =TEXT(G67,"#.###,00") -> ,00 | U67: =TEXT(H67,"#.###,00") -> ,00 | V67: =TEXT(I67,"#.###,00") -> ,00 | W67: =TEXT(J67,"#.###,00") -> 166,60 | X67: =TEXT(K67,"#.###,00") -> 3,40 | ... AB67: =TEXT(O67,"#.###,00") -> 17,00
A68: 67 | B68: GÖYNÜK | C68: BOLU | D68: 5.4 | E68: 103.3 | F68: =D68+E68 -> 108.7 | G68: 0 | H68: 0 | I68: =G68+H68 -> 0 | J68: =D68-G68 -> 5.4 | K68: =E68-H68 -> 103.3 | L68: =J68*0.1 -> 0.54 | M68: =K68*0.1 -> 10.33 | N68: =F68-I68 -> 108.7 | O68: =N68*0.1 -> 10.87 | Q68: =TEXT(D68,"#.###,00") -> 5,40 | R68: =TEXT(E68,"#.###,00") -> 103,30 | S68: =TEXT(F68,"#.###,00") -> 108,70 | T68: =TEXT(G68,"#.###,00") -> ,00 | U68: =TEXT(H68,"#.###,00") -> ,00 | V68: =TEXT(I68,"#.###,00") -> ,00 | W68: =TEXT(J68,"#.###,00") -> 5,40 | X68: =TEXT(K68,"#.###,00") -> 103,30 | ... AB68: =TEXT(O68,"#.###,00") -> 10,87
A69: 68 | B69: YENİÇAĞA | C69: BOLU | D69: 5.4 | E69: 103.3 | F69: =D69+E69 -> 108.7 | G69: 0 | H69: 0 | I69: =G69+H69 -> 0 | J69: =D69-G69 -> 5.4 | K69: =E69-H69 -> 103.3 | L69: =J69*0.1 -> 0.54 | M69: =K69*0.1 -> 10.33 | N69: =F69-I69 -> 108.7 | O69: =N69*0.1 -> 10.87 | Q69: =TEXT(D69,"#.###,00") -> 5,40 | R69: =TEXT(E69,"#.###,00") -> 103,30 | S69: =TEXT(F69,"#.###,00") -> 108,70 | T69: =TEXT(G69,"#.###,00") -> ,00 | U69: =TEXT(H69,"#.###,00") -> ,00 | V69: =TEXT(I69,"#.###,00") -> ,00 | W69: =TEXT(J69,"#.###,00") -> 5,40 | X69: =TEXT(K69,"#.###,00") -> 103,30 | ... AB69: =TEXT(O69,"#.###,00") -> 10,87
A70: 69 | B70: MERKEZ | C70: BURDUR | D70: 5204.7 | E70: 10965.5 | F70: =D70+E70 -> 16170.2 | G70: 169.6 | H70: 865 | I70: =G70+H70 -> 1034.6 | J70: =D70-G70 -> 5035.1 | K70: =E70-H70 -> 10100.5 | L70: =J70*0.1 -> 503.51 | M70: =K70*0.1 -> 1010.05 | N70: =F70-I70 -> 15135.6 | O70: =N70*0.1 -> 1513.56 | Q70: =TEXT(D70,"#.###,00") -> 5.204,70 | R70: =TEXT(E70,"#.###,00") -> 10.965,50 | S70: =TEXT(F70,"#.###,00") -> 16.170,20 | T70: =TEXT(G70,"#.###,00") -> 169,60 | U70: =TEXT(H70,"#.###,00") -> 865,00 | V70: =TEXT(I70,"#.###,00") -> 1.034,60 | W70: =TEXT(J70,"#.###,00") -> 5.035,10 | X70: =TEXT(K70,"#.###,00") -> 10.100,50 | ... AB70: =TEXT(O70,"#.###,00") -> 1.513,56
A71: 70 | B71: ÇAVDIR | C71: BURDUR | D71: 738.3 | E71: 549.7 | F71: =D71+E71 -> 1288 | G71: 0 | H71: 0 | I71: =G71+H71 -> 0 | J71: =D71-G71 -> 738.3 | K71: =E71-H71 -> 549.7 | L71: =J71*0.1 -> 73.83 | M71: =K71*0.1 -> 54.97 | N71: =F71-I71 -> 1288 | O71: =N71*0.1 -> 128.8 | Q71: =TEXT(D71,"#.###,00") -> 738,30 | R71: =TEXT(E71,"#.###,00") -> 549,70 | S71: =TEXT(F71,"#.###,00") -> 1.288,00 | T71: =TEXT(G71,"#.###,00") -> ,00 | U71: =TEXT(H71,"#.###,00") -> ,00 | V71: =TEXT(I71,"#.###,00") -> ,00 | W71: =TEXT(J71,"#.###,00") -> 738,30 | X71: =TEXT(K71,"#.###,00") -> 549,70 | ... AB71: =TEXT(O71,"#.###,00") -> 128,80
A72: 71 | B72: GÖLHİSAR | C72: BURDUR | D72: 3.3 | E72: 121.3 | F72: =D72+E72 -> 124.6 | G72: 0 | H72: 0 | I72: =G72+H72 -> 0 | J72: =D72-G72 -> 3.3 | K72: =E72-H72 -> 121.3 | L72: =J72*0.1 -> 0.33 | M72: =K72*0.1 -> 12.13 | N72: =F72-I72 -> 124.6 | O72: =N72*0.1 -> 12.46 | Q72: =TEXT(D72,"#.###,00") -> 3,30 | R72: =TEXT(E72,"#.###,00") -> 121,30 | S72: =TEXT(F72,"#.###,00") -> 124,60 | T72: =TEXT(G72,"#.###,00") -> ,00 | U72: =TEXT(H72,"#.###,00") -> ,00 | V72: =TEXT(I72,"#.###,00") -> ,00 | W72: =TEXT(J72,"#.###,00") -> 3,30 | X72: =TEXT(K72,"#.###,00") -> 121,30 | ... AB72: =TEXT(O72,"#.###,00") -> 12,46
A73: 72 | B73: KARAMANLI | C73: BURDUR | D73: 0.5 | E73: 76.4 | F73: =D73+E73 -> 76.9 | G73: 0 | H73: 0 | I73: =G73+H73 -> 0 | J73: =D73-G73 -> 0.5 | K73: =E73-H73 -> 76.4 | L73: =J73*0.1 -> 0.05 | M73: =K73*0.1 -> 7.64 | N73: =F73-I73 -> 76.9 | O73: =N73*0.1 -> 7.69 | Q73: =TEXT(D73,"#.###,00") -> ,50 | R73: =TEXT(E73,"#.###,00") -> 76,40 | S73: =TEXT(F73,"#.###,00") -> 76,90 | T73: =TEXT(G73,"#.###,00") -> ,00 | U73: =TEXT(H73,"#.###,00") -> ,00 | V73: =TEXT(I73,"#.###,00") -> ,00 | W73: =TEXT(J73,"#.###,00") -> ,50 | X73: =TEXT(K73,"#.###,00") -> 76,40 | ... AB73: =TEXT(O73,"#.###,00") -> 7,69
A74: 73 | B74: AYVACIK | C74: ÇANAKKALE | D74: 12338.4 | E74: 5262.2 | F74: =D74+E74 -> 17600.6 | G74: 217.9 | H74: 441.5 | I74: =G74+H74 -> 659.4 | J74: =D74-G74 -> 12120.5 | K74: =E74-H74 -> 4820.7 | L74: =J74*0.1 -> 1212.05 | M74: =K74*0.1 -> 482.07 | N74: =F74-I74 -> 16941.2 | O74: =N74*0.1 -> 1694.12 | Q74: =TEXT(D74,"#.###,00") -> 12.338,40 | R74: =TEXT(E74,"#.###,00") -> 5.262,20 | S74: =TEXT(F74,"#.###,00") -> 17.600,60 | T74: =TEXT(G74,"#.###,00") -> 217,90 | U74: =TEXT(H74,"#.###,00") -> 441,50 | V74: =TEXT(I74,"#.###,00") -> 659,40 | W74: =TEXT(J74,"#.###,00") -> 12.120,50 | X74: =TEXT(K74,"#.###,00") -> 4.820,70 | ... AB74: =TEXT(O74,"#.###,00") -> 1.694,12
... A117: 116 | B117: MERKEZ | C117: ERZİNCAN | D117: 7797.5 | E117: 4826.7 | F117: =D117+E117 -> 12624.2 | G117: 3380 | H117: 237 | I117: =G117+H117 -> 3617 | J117: =D117-G117 -> 4417.5 | K117: =E117-H117 -> 4589.7 | L117: =J117*0.1 -> 441.75 | M117: =K117*0.1 -> 458.97 | N117: =F117-I117 -> 9007.2 | O117: =N117*0.1 -> 900.72 | Q117: =TEXT(D117,"#.###,00") -> 7.797,50 | R117: =TEXT(E117,"#.###,00") -> 4.826,70 | S117: =TEXT(F117,"#.###,00") -> 12.624,20 | T117: =TEXT(G117,"#.###,00") -> 3.380,00 | U117: =TEXT(H117,"#.###,00") -> 237,00 | V117: =TEXT(I117,"#.###,00") -> 3.617,00 | W117: =TEXT(J117,"#.###,00") -> 4.417,50 | X117: =TEXT(K117,"#.###,00") -> 4.589,70 | ... AB117: =TEXT(O117,"#.###,00") -> 900,72
A118: 117 | B118: İLİÇ | C118: ERZİNCAN | E118: 2031.1 | F118: =D118+E118 -> 2031.1 | H118: 0 | I118: =G118+H118 -> 0 | J118: =D118-G118 -> 0 | K118: =E118-H118 -> 2031.1 | L118: =J118*0.1 -> 0 | M118: =K118*0.1 -> 203.11 | N118: =F118-I118 -> 2031.1 | O118: =N118*0.1 -> 203.11 | Q118: =TEXT(D118,"#.###,00") -> ,00 | R118: =TEXT(E118,"#.###,00") -> 2.031,10 | S118: =TEXT(F118,"#.###,00") -> 2.031,10 | T118: =TEXT(G118,"#.###,00") -> ,00 | U118: =TEXT(H118,"#.###,00") -> ,00 | V118: =TEXT(I118,"#.###,00") -> ,00 | W118: =TEXT(J118,"#.###,00") -> ,00 | X118: =TEXT(K118,"#.###,00") -> 2.031,10 | ... AB118: =TEXT(O118,"#.###,00") -> 203,11
A119: 118 | B119: KEMAH | C119: ERZİNCAN | D119: 111.1 | E119: 565.9 | F119: =D119+E119 -> 677 | G119: 0 | H119: 0 | I119: =G119+H119 -> 0 | J119: =D119-G119 -> 111.1 | K119: =E119-H119 -> 565.9 | L119: =J119*0.1 -> 11.11 | M119: =K119*0.1 -> 56.59 | N119: =F119-I119 -> 677 | O119: =N119*0.1 -> 67.7 | Q119: =TEXT(D119,"#.###,00") -> 111,10 | R119: =TEXT(E119,"#.###,00") -> 565,90 | S119: =TEXT(F119,"#.###,00") -> 677,00 | T119: =TEXT(G119,"#.###,00") -> ,00 | U119: =TEXT(H119,"#.###,00") -> ,00 | V119: =TEXT(I119,"#.###,00") -> ,00 | W119: =TEXT(J119,"#.###,00") -> 111,10 | X119: =TEXT(K119,"#.###,00") -> 565,90 | ... AB119: =TEXT(O119,"#.###,00") -> 67,70
A120: 119 | B120: TERCAN | C120: ERZİNCAN | D120: 328.5 | E120: 229.1 | F120: =D120+E120 -> 557.6 | G120: 0 | H120: 0 | I120: =G120+H120 -> 0 | J120: =D120-G120 -> 328.5 | K120: =E120-H120 -> 229.1 | L120: =J120*0.1 -> 32.85 | M120: =K120*0.1 -> 22.91 | N120: =F120-I120 -> 557.6 | O120: =N120*0.1 -> 55.76 | Q120: =TEXT(D120,"#.###,00") -> 328,50 | R120: =TEXT(E120,"#.###,00") -> 229,10 | S120: =TEXT(F120,"#.###,00") -> 557,60 | T120: =TEXT(G120,"#.###,00") -> ,00 | U120: =TEXT(H120,"#.###,00") -> ,00 | V120: =TEXT(I120,"#.###,00") -> ,00 | W120: =TEXT(J120,"#.###,00") -> 328,50 | X120: =TEXT(K120,"#.###,00") -> 229,10 | ... AB120: =TEXT(O120,"#.###,00") -> 55,76
A121: 120 | B121: KEMALİYE | C121: ERZİNCAN | D121: 286.8 | E121: 97.7 | F121: =D121+E121 -> 384.5 | G121: 0 | H121: 0 | I121: =G121+H121 -> 0 | J121: =D121-G121 -> 286.8 | K121: =E121-H121 -> 97.7 | L121: =J121*0.1 -> 28.68 | M121: =K121*0.1 -> 9.77 | N121: =F121-I121 -> 384.5 | O121: =N121*0.1 -> 38.45 | Q121: =TEXT(D121,"#.###,00") -> 286,80 | R121: =TEXT(E121,"#.###,00") -> 97,70 | S121: =TEXT(F121,"#.###,00") -> 384,50 | T121: =TEXT(G121,"#.###,00") -> ,00 | U121: =TEXT(H121,"#.###,00") -> ,00 | V121: =TEXT(I121,"#.###,00") -> ,00 | W121: =TEXT(J121,"#.###,00") -> 286,80 | X121: =TEXT(K121,"#.###,00") -> 97,70 | ... AB121: =TEXT(O121,"#.###,00") -> 38,45
A122: 121 | B122: ERZURUM BÜYÜKŞEHİR | C122: ERZURUM | D122: 117921.4 | E122: 1301826.8 | F122: =D122+E122 -> 1419748.2 | G122: 705.6 | H122: 1949.2 | I122: =G122+H122 -> 2654.8 | J122: =D122-G122 -> 117215.8 | K122: =E122-H122 -> 1299877.6 | L122: =J122*0.1 -> 11721.58 | M122: =K122*0.1 -> 129987.76 | N122: =F122-I122 -> 1417093.4 | O122: =N122*0.1 -> 141709.34 | Q122: =TEXT(D122,"#.###,00") -> 117.921,40 | R122: =TEXT(E122,"#.###,00") -> 1.301.826,80 | S122: =TEXT(F122,"#.###,00") -> 1.419.748,20 | T122: =TEXT(G122,"#.###,00") -> 705,60 | U122: =TEXT(H122,"#.###,00") -> 1.949,20 | V122: =TEXT(I122,"#.###,00") -> 2.654,80 | W122: =TEXT(J122,"#.###,00") -> 117.215,80 | X122: =TEXT(K122,"#.###,00") -> 1.299.877,60 | ... AB122: =TEXT(O122,"#.###,00") -> 141.709,34
A123: 122 | B123: ESKİŞEHİR BÜYÜKŞEHİR | C123: ESKİŞEHİR | D123: 45046.13 | E123: 108566.84 | F123: =D123+E123 -> 153612.97 | G123: 2075.3 | H123: 3319.3 | I123: =G123+H123 -> 5394.6 | J123: =D123-G123 -> 42970.83 | K123: =E123-H123 -> 105247.54 | L123: =J123*0.1 -> 4297.083 | M123: =K123*0.1 -> 10524.754 | N123: =F123-I123 -> 148218.37 | O123: =N123*0.1 -> 14821.837 | Q123: =TEXT(D123,"#.###,00") -> 45.046,13 | R123: =TEXT(E123,"#.###,00") -> 108.566,84 | S123: =TEXT(F123,"#.###,00") -> 153.612,97 | T123: =TEXT(G123,"#.###,00") -> 2.075,30 | U123: =TEXT(H123,"#.###,00") -> 3.319,30 | V123: =TEXT(I123,"#.###,00") -> 5.394,60 | W123: =TEXT(J123,"#.###,00") -> 42.970,83 | X123: =TEXT(K123,"#.###,00") -> 105.247,54 | ... AB123: =TEXT(O123,"#.###,00") -> 14.821,84
A124: 123 | B124: GAZİANTEP BÜYÜKŞEHİR | C124: GAZİANTEP | D124: 102994.87 | E124: 177831.94 | F124: =D124+E124 -> 280826.81 | G124: 8092.3 | H124: 49116.8 | I124: =G124+H124 -> 57209.1 | J124: =D124-G124 -> 94902.57 | K124: =E124-H124 -> 128715.14 | L124: =J124*0.1 -> 9490.257 | M124: =K124*0.1 -> 12871.514 | N124: =F124-I124 -> 223617.71 | O124: =N124*0.1 -> 22361.771 | Q124: =TEXT(D124,"#.###,00") -> 102.994,87 | R124: =TEXT(E124,"#.###,00") -> 177.831,94 | S124: =TEXT(F124,"#.###,00") -> 280.826,81 | T124: =TEXT(G124,"#.###,00") -> 8.092,30 | U124: =TEXT(H124,"#.###,00") -> 49.116,80 | V124: =TEXT(I124,"#.###,00") -> 57.209,10 | W124: =TEXT(J124,"#.###,00") -> 94.902,57 | X124: =TEXT(K124,"#.###,00") -> 128.715,14 | ... AB124: =TEXT(O124,"#.###,00") -> 22.361,77
A125: 124 | B125: KEŞAP | C125: GİRESUN | D125: 37455.4 | E125: 46764.7 | F125: =D125+E125 -> 84220.1 | G125: 64.4 | H125: 131.3 | I125: =G125+H125 -> 195.7 | J125: =D125-G125 -> 37391 | K125: =E125-H125 -> 46633.4 | L125: =J125*0.1 -> 3739.1 | M125: =K125*0.1 -> 4663.34 | N125: =F125-I125 -> 84024.4 | O125: =N125*0.1 -> 8402.44 | Q125: =TEXT(D125,"#.###,00") -> 37.455,40 | R125: =TEXT(E125,"#.###,00") -> 46.764,70 | S125: =TEXT(F125,"#.###,00") -> 84.220,10 | T125: =TEXT(G125,"#.###,00") -> 64,40 | U125: =TEXT(H125,"#.###,00") -> 131,30 | V125: =TEXT(I125,"#.###,00") -> 195,70 | W125: =TEXT(J125,"#.###,00") -> 37.391,00 | X125: =TEXT(K125,"#.###,00") -> 46.633,40 | ... AB125: =TEXT(O125,"#.###,00") -> 8.402,44
A126: 125 | B126: MERKEZ | C126: GİRESUN | D126: 28130.94 | E126: 15194.25 | F126: =D126+E126 -> 43325.19 | G126: 1079.6 | H126: 4059.1 | I126: =G126+H126 -> 5138.7 | J126: =D126-G126 -> 27051.34 | K126: =E126-H126 -> 11135.15 | L126: =J126*0.1 -> 2705.134 | M126: =K126*0.1 -> 1113.515 | N126: =F126-I126 -> 38186.49 | O126: =N126*0.1 -> 3818.649 | Q126: =TEXT(D126,"#.###,00") -> 28.130,94 | R126: =TEXT(E126,"#.###,00") -> 15.194,25 | S126: =TEXT(F126,"#.###,00") -> 43.325,19 | T126: =TEXT(G126,"#.###,00") -> 1.079,60 | U126: =TEXT(H126,"#.###,00") -> 4.059,10 | V126: =TEXT(I126,"#.###,00") -> 5.138,70 | W126: =TEXT(J126,"#.###,00") -> 27.051,34 | X126: =TEXT(K126,"#.###,00") -> 11.135,15 | ... AB126: =TEXT(O126,"#.###,00") -> 3.818,65
A127: 126 | B127: ESPİYE | C127: GİRESUN | D127: 6059.6 | E127: 6816.6 | F127: =D127+E127 -> 12876.2 | G127: 4.5 | H127: 85.7 | I127: =G127+H127 -> 90.2 | J127: =D127-G127 -> 6055.1 | K127: =E127-H127 -> 6730.9 | L127: =J127*0.1 -> 605.51 | M127: =K127*0.1 -> 673.09 | N127: =F127-I127 -> 12786 | O127: =N127*0.1 -> 1278.6 | Q127: =TEXT(D127,"#.###,00") -> 6.059,60 | R127: =TEXT(E127,"#.###,00") -> 6.816,60 | S127: =TEXT(F127,"#.###,00") -> 12.876,20 | T127: =TEXT(G127,"#.###,00") -> 4,50 | U127: =TEXT(H127,"#.###,00") -> 85,70 | V127: =TEXT(I127,"#.###,00") -> 90,20 | W127: =TEXT(J127,"#.###,00") -> 6.055,10 | X127: =TEXT(K127,"#.###,00") -> 6.730,90 | ... AB127: =TEXT(O127,"#.###,00") -> 1.278,60
A128: 127 | B128: BULANCAK | C128: GİRESUN | D128: 2510.4 | E128: 2217.7 | F128: =D128+E128 -> 4728.1 | G128: 45 | H128: 402.8 | I128: =G128+H128 -> 447.8 | J128: =D128-G128 -> 2465.4 | K128: =E128-H128 -> 1814.9 | L128: =J128*0.1 -> 246.54 | M128: =K128*0.1 -> 181.49 | N128: =F128-I128 -> 4280.3 | O128: =N128*0.1 -> 428.03 | Q128: =TEXT(D128,"#.###,00") -> 2.510,40 | R128: =TEXT(E128,"#.###,00") -> 2.217,70 | S128: =TEXT(F128,"#.###,00") -> 4.728,10 | T128: =TEXT(G128,"#.###,00") -> 45,00 | U128: =TEXT(H128,"#.###,00") -> 402,80 | V128: =TEXT(I128,"#.###,00") -> 447,80 | W128: =TEXT(J128,"#.###,00") -> 2.465,40 | X128: =TEXT(K128,"#.###,00") -> 1.814,90 | ... AB128: =TEXT(O128,"#.###,00") -> 428,03
A129: 128 | B129: DERELİ | C129: GİRESUN | D129: 298.3 | E129: 699 | F129: =D129+E129 -> 997.3 | G129: 0 | H129: 0 | I129: =G129+H129 -> 0 | J129: =D129-G129 -> 298.3 | K129: =E129-H129 -> 699 | L129: =J129*0.1 -> 29.83 | M129: =K129*0.1 -> 69.9 | N129: =F129-I129 -> 997.3 | O129: =N129*0.1 -> 99.73 | Q129: =TEXT(D129,"#.###,00") -> 298,30 | R129: =TEXT(E129,"#.###,00") -> 699,00 | S129: =TEXT(F129,"#.###,00") -> 997,30 | T129: =TEXT(G129,"#.###,00") -> ,00 | U129: =TEXT(H129,"#.###,00") -> ,00 | V129: =TEXT(I129,"#.###,00") -> ,00 | W129: =TEXT(J129,"#.###,00") -> 298,30 | X129: =TEXT(K129,"#.###,00") -> 699,00 | ... AB129: =TEXT(O129,"#.###,00") -> 99,73
A130: 129 | B130: ŞEBİNKARAHİSAR | C130: GİRESUN | D130: 528.8 | E130: 296.7 | F130: =D130+E130 -> 825.5 | G130: 0 | H130: 0 | I130: =G130+H130 -> 0 | J130: =D130-G130 -> 528.8 | K130: =E130-H130 -> 296.7 | L130: =J130*0.1 -> 52.88 | M130: =K130*0.1 -> 29.67 | N130: =F130-I130 -> 825.5 | O130: =N130*0.1 -> 82.55 | Q130: =TEXT(D130,"#.###,00") -> 528,80 | R130: =TEXT(E130,"#.###,00") -> 296,70 | S130: =TEXT(F130,"#.###,00") -> 825,50 | T130: =TEXT(G130,"#.###,00") -> ,00 | U130: =TEXT(H130,"#.###,00") -> ,00 | V130: =TEXT(I130,"#.###,00") -> ,00 | W130: =TEXT(J130,"#.###,00") -> 528,80 | X130: =TEXT(K130,"#.###,00") -> 296,70 | ... AB130: =TEXT(O130,"#.###,00") -> 82,55
A131: 130 | B131: GÖRELE | C131: GİRESUN | D131: 607.8 | F131: =D131+E131 -> 607.8 | G131: 0 | I131: =G131+H131 -> 0 | J131: =D131-G131 -> 607.8 | K131: =E131-H131 -> 0 | L131: =J131*0.1 -> 60.78 | M131: =K131*0.1 -> 0 | N131: =F131-I131 -> 607.8 | O131: =N131*0.1 -> 60.78 | Q131: =TEXT(D131,"#.###,00") -> 607,80 | R131: =TEXT(E131,"#.###,00") -> ,00 | S131: =TEXT(F131,"#.###,00") -> 607,80 | T131: =TEXT(G131,"#.###,00") -> ,00 | U131: =TEXT(H131,"#.###,00") -> ,00 | V131: =TEXT(I131,"#.###,00") -> ,00 | W131: =TEXT(J131,"#.###,00") -> 607,80 | X131: =TEXT(K131,"#.###,00") -> ,00 | ... AB131: =TEXT(O131,"#.###,00") -> 60,78
A132: 131 | B132: GÜCE | C132: GİRESUN | D132: 86.4 | E132: 428.1 | F132: =D132+E132 -> 514.5 | G132: 0 | H132: 0 | I132: =G132+H132 -> 0 | J132: =D132-G132 -> 86.4 | K132: =E132-H132 -> 428.1 | L132: =J132*0.1 -> 8.64 | M132: =K132*0.1 -> 42.81 | N132: =F132-I132 -> 514.5 | O132: =N132*0.1 -> 51.45 | Q132: =TEXT(D132,"#.###,00") -> 86,40 | R132: =TEXT(E132,"#.###,00") -> 428,10 | S132: =TEXT(F132,"#.###,00") -> 514,50 | T132: =TEXT(G132,"#.###,00") -> ,00 | U132: =TEXT(H132,"#.###,00") -> ,00 | V132: =TEXT(I132,"#.###,00") -> ,00 | W132: =TEXT(J132,"#.###,00") -> 86,40 | X132: =TEXT(K132,"#.###,00") -> 428,10 | ... AB132: =TEXT(O132,"#.###,00") -> 51,45
A133: 132 | B133: MERKEZ | C133: GÜMÜŞHANE | D133: 84.4 | E133: 2135.7 | F133: =D133+E133 -> 2220.1 | G133: 0 | H133: 0 | I133: =G133+H133 -> 0 | J133: =D133-G133 -> 84.4 | K133: =E133-H133 -> 2135.7 | L133: =J133*0.1 -> 8.44 | M133: =K133*0.1 -> 213.57 | N133: =F133-I133 -> 2220.1 | O133: =N133*0.1 -> 222.01 | Q133: =TEXT(D133,"#.###,00") -> 84,40 | R133: =TEXT(E133,"#.###,00") -> 2.135,70 | S133: =TEXT(F133,"#.###,00") -> 2.220,10 | T133: =TEXT(G133,"#.###,00") -> ,00 | U133: =TEXT(H133,"#.###,00") -> ,00 | V133: =TEXT(I133,"#.###,00") -> ,00 | W133: =TEXT(J133,"#.###,00") -> 84,40 | X133: =TEXT(K133,"#.###,00") -> 2.135,70 | ... AB133: =TEXT(O133,"#.###,00") -> 222,01
A134: 133 | B134: KELKİT | C134: GÜMÜŞHANE | D134: 188.9 | E134: 1124.5 | F134: =D134+E134 -> 1313.4 | G134: 0 | H134: 0 | I134: =G134+H134 -> 0 | J134: =D134-G134 -> 188.9 | K134: =E134-H134 -> 1124.5 | L134: =J134*0.1 -> 18.89 | M134: =K134*0.1 -> 112.45 | N134: =F134-I134 -> 1313.4 | O134: =N134*0.1 -> 131.34 | Q134: =TEXT(D134,"#.###,00") -> 188,90 | R134: =TEXT(E134,"#.###,00") -> 1.124,50 | S134: =TEXT(F134,"#.###,00") -> 1.313,40 | T134: =TEXT(G134,"#.###,00") -> ,00 | U134: =TEXT(H134,"#.###,00") -> ,00 | V134: =TEXT(I134,"#.###,00") -> ,00 | W134: =TEXT(J134,"#.###,00") -> 188,90 | X134: =TEXT(K134,"#.###,00") -> 1.124,50 | ... AB134: =TEXT(O134,"#.###,00") -> 131,34
A135: 134 | B135: HATAY BÜYÜKŞEHİR | C135: HATAY | D135: 74526.7 | E135: 106294.64 | F135: =D135+E135 -> 180821.34 | G135: 2676 | H135: 7947.1 | I135: =G135+H135 -> 10623.1 | J135: =D135-G135 -> 71850.7 | K135: =E135-H135 -> 98347.54 | L135: =J135*0.1 -> 7185.07 | M135: =K135*0.1 -> 9834.754 | N135: =F135-I135 -> 170198.24 | O135: =N135*0.1 -> 17019.824 | Q135: =TEXT(D135,"#.###,00") -> 74.526,70 | R135: =TEXT(E135,"#.###,00") -> 106.294,64 | S135: =TEXT(F135,"#.###,00") -> 180.821,34 | T135: =TEXT(G135,"#.###,00") -> 2.676,00 | U135: =TEXT(H135,"#.###,00") -> 7.947,10 | V135: =TEXT(I135,"#.###,00") -> 10.623,10 | W135: =TEXT(J135,"#.###,00") -> 71.850,70 | X135: =TEXT(K135,"#.###,00") -> 98.347,54 | ... AB135: =TEXT(O135,"#.###,00") -> 17.019,82
A136: 135 | B136: MERKEZ | C136: IĞDIR | D136: 1789.8 | E136: 8631.1 | F136: =D136+E136 -> 10420.9 | G136: 25 | H136: 326.7 | I136: =G136+H136 -> 351.7 | J136: =D136-G136 -> 1764.8 | K136: =E136-H136 -> 8304.4 | L136: =J136*0.1 -> 176.48 | M136: =K136*0.1 -> 830.44 | N136: =F136-I136 -> 10069.2 | O136: =N136*0.1 -> 1006.92 | Q136: =TEXT(D136,"#.###,00") -> 1.789,80 | R136: =TEXT(E136,"#.###,00") -> 8.631,10 | S136: =TEXT(F136,"#.###,00") -> 10.420,90 | T136: =TEXT(G136,"#.###,00") -> 25,00 | U136: =TEXT(H136,"#.###,00") -> 326,70 | V136: =TEXT(I136,"#.###,00") -> 351,70 | W136: =TEXT(J136,"#.###,00") -> 1.764,80 | X136: =TEXT(K136,"#.###,00") -> 8.304,40 | ... AB136: =TEXT(O136,"#.###,00") -> 1.006,92
A137: 136 | B137: MERKEZ | C137: ISPARTA | D137: 10749.2 | E137: 18393.4 | F137: =D137+E137 -> 29142.6 | G137: 700.2 | H137: 5435.6 | I137: =G137+H137 -> 6135.8 | J137: =D137-G137 -> 10049 | K137: =E137-H137 -> 12957.8 | L137: =J137*0.1 -> 1004.9 | M137: =K137*0.1 -> 1295.78 | N137: =F137-I137 -> 23006.8 | O137: =N137*0.1 -> 2300.68 | Q137: =TEXT(D137,"#.###,00") -> 10.749,20 | R137: =TEXT(E137,"#.###,00") -> 18.393,40 | S137: =TEXT(F137,"#.###,00") -> 29.142,60 | T137: =TEXT(G137,"#.###,00") -> 700,20 | U137: =TEXT(H137,"#.###,00") -> 5.435,60 | V137: =TEXT(I137,"#.###,00") -> 6.135,80 | W137: =TEXT(J137,"#.###,00") -> 10.049,00 | X137: =TEXT(K137,"#.###,00") -> 12.957,80 | ... AB137: =TEXT(O137,"#.###,00") -> 2.300,68
A138: 137 | B138: YALVAÇ | C138: ISPARTA | D138: 6085.1 | E138: 6658.4 | F138: =D138+E138 -> 12743.5 | G138: 0 | H138: 0 | I138: =G138+H138 -> 0 | J138: =D138-G138 -> 6085.1 | K138: =E138-H138 -> 6658.4 | L138: =J138*0.1 -> 608.51 | M138: =K138*0.1 -> 665.84 | N138: =F138-I138 -> 12743.5 | O138: =N138*0.1 -> 1274.35 | Q138: =TEXT(D138,"#.###,00") -> 6.085,10 | R138: =TEXT(E138,"#.###,00") -> 6.658,40 | S138: =TEXT(F138,"#.###,00") -> 12.743,50 | T138: =TEXT(G138,"#.###,00") -> ,00 | U138: =TEXT(H138,"#.###,00") -> ,00 | V138: =TEXT(I138,"#.###,00") -> ,00 | W138: =TEXT(J138,"#.###,00") -> 6.085,10 | X138: =TEXT(K138,"#.###,00") -> 6.658,40 | ... AB138: =TEXT(O138,"#.###,00") -> 1.274,35
A139: 138 | B139: ATABEY | C139: ISPARTA | D139: 1300.7 | E139: 1347 | F139: =D139+E139 -> 2647.7 | G139: 0 | H139: 0 | I139: =G139+H139 -> 0 | J139: =D139-G139 -> 1300.7 | K139: =E139-H139 -> 1347 | L139: =J139*0.1 -> 130.07 | M139: =K139*0.1 -> 134.7 | N139: =F139-I139 -> 2647.7 | O139: =N139*0.1 -> 264.77 | Q139: =TEXT(D139,"#.###,00") -> 1.300,70 | R139: =TEXT(E139,"#.###,00") -> 1.347,00 | S139: =TEXT(F139,"#.###,00") -> 2.647,70 | T139: =TEXT(G139,"#.###,00") -> ,00 | U139: =TEXT(H139,"#.###,00") -> ,00 | V139: =TEXT(I139,"#.###,00") -> ,00 | W139: =TEXT(J139,"#.###,00") -> 1.300,70 | X139: =TEXT(K139,"#.###,00") -> 1.347,00 | ... AB139: =TEXT(O139,"#.###,00") -> 264,77
A140: 139 | B140: KEÇİBORLU | C140: ISPARTA | D140: 971.6 | E140: 1522.3 | F140: =D140+E140 -> 2493.9 | G140: 0 | H140: 0 | I140: =G140+H140 -> 0 | J140: =D140-G140 -> 971.6 | K140: =E140-H140 -> 1522.3 | L140: =J140*0.1 -> 97.16 | M140: =K140*0.1 -> 152.23 | N140: =F140-I140 -> 2493.9 | O140: =N140*0.1 -> 249.39 | Q140: =TEXT(D140,"#.###,00") -> 971,60 | R140: =TEXT(E140,"#.###,00") -> 1.522,30 | S140: =TEXT(F140,"#.###,00") -> 2.493,90 | T140: =TEXT(G140,"#.###,00") -> ,00 | U140: =TEXT(H140,"#.###,00") -> ,00 | V140: =TEXT(I140,"#.###,00") -> ,00 | W140: =TEXT(J140,"#.###,00") -> 971,60 | X140: =TEXT(K140,"#.###,00") -> 1.522,30 | ... AB140: =TEXT(O140,"#.###,00") -> 249,39
A141: 140 | B141: GÖNEN | C141: ISPARTA | D141: 539.5 | E141: 1008.2 | F141: =D141+E141 -> 1547.7 | G141: 32.1 | H141: 51.7 | I141: =G141+H141 -> 83.8 | J141: =D141-G141 -> 507.4 | K141: =E141-H141 -> 956.5 | L141: =J141*0.1 -> 50.74 | M141: =K141*0.1 -> 95.65 | N141: =F141-I141 -> 1463.9 | O141: =N141*0.1 -> 146.39 | Q141: =TEXT(D141,"#.###,00") -> 539,50 | R141: =TEXT(E141,"#.###,00") -> 1.008,20 | S141: =TEXT(F141,"#.###,00") -> 1.547,70 | T141: =TEXT(G141,"#.###,00") -> 32,10 | U141: =TEXT(H141,"#.###,00") -> 51,70 | V141: =TEXT(I141,"#.###,00") -> 83,80 | W141: =TEXT(J141,"#.###,00") -> 507,40 | X141: =TEXT(K141,"#.###,00") -> 956,50 | ... AB141: =TEXT(O141,"#.###,00") -> 146,39
A142: 141 | B142: ŞARKİKARAAĞAÇ | C142: ISPARTA | D142: 740.5 | E142: 675.9 | F142: =D142+E142 -> 1416.4 | G142: 0 | H142: 0 | I142: =G142+H142 -> 0 | J142: =D142-G142 -> 740.5 | K142: =E142-H142 -> 675.9 | L142: =J142*0.1 -> 74.05 | M142: =K142*0.1 -> 67.59 | N142: =F142-I142 -> 1416.4 | O142: =N142*0.1 -> 141.64 | Q142: =TEXT(D142,"#.###,00") -> 740,50 | R142: =TEXT(E142,"#.###,00") -> 675,90 | S142: =TEXT(F142,"#.###,00") -> 1.416,40 | T142: =TEXT(G142,"#.###,00") -> ,00 | U142: =TEXT(H142,"#.###,00") -> ,00 | V142: =TEXT(I142,"#.###,00") -> ,00 | W142: =TEXT(J142,"#.###,00") -> 740,50 | X142: =TEXT(K142,"#.###,00") -> 675,90 | ... AB142: =TEXT(O142,"#.###,00") -> 141,64
A143: 142 | B143: EĞİRDİR | C143: ISPARTA | D143: 285.2 | E143: 205.7 | F143: =D143+E143 -> 490.9 | G143: 0 | H143: 0 | I143: =G143+H143 -> 0 | J143: =D143-G143 -> 285.2 | K143: =E143-H143 -> 205.7 | L143: =J143*0.1 -> 28.52 | M143: =K143*0.1 -> 20.57 | N143: =F143-I143 -> 490.9 | O143: =N143*0.1 -> 49.09 | Q143: =TEXT(D143,"#.###,00") -> 285,20 | R143: =TEXT(E143,"#.###,00") -> 205,70 | S143: =TEXT(F143,"#.###,00") -> 490,90 | T143: =TEXT(G143,"#.###,00") -> ,00 | U143: =TEXT(H143,"#.###,00") -> ,00 | V143: =TEXT(I143,"#.###,00") -> ,00 | W143: =TEXT(J143,"#.###,00") -> 285,20 | X143: =TEXT(K143,"#.###,00") -> 205,70 | ... AB143: =TEXT(O143,"#.###,00") -> 49,09
... A154: 153 | B154: ERMENEK | C154: KARAMAN | D154: 254.7 | E154: 23.2 | F154: =D154+E154 -> 277.9 | G154: 0 | H154: 0 | I154: =G154+H154 -> 0 | J154: =D154-G154 -> 254.7 | K154: =E154-H154 -> 23.2 | L154: =J154*0.1 -> 25.47 | M154: =K154*0.1 -> 2.32 | N154: =F154-I154 -> 277.9 | O154: =N154*0.1 -> 27.79 | Q154: =TEXT(D154,"#.###,00") -> 254,70 | R154: =TEXT(E154,"#.###,00") -> 23,20 | S154: =TEXT(F154,"#.###,00") -> 277,90 | T154: =TEXT(G154,"#.###,00") -> ,00 | U154: =TEXT(H154,"#.###,00") -> ,00 | V154: =TEXT(I154,"#.###,00") -> ,00 | W154: =TEXT(J154,"#.###,00") -> 254,70 | X154: =TEXT(K154,"#.###,00") -> 23,20 | ... AB154: =TEXT(O154,"#.###,00") -> 27,79
A155: 154 | B155: SARIVELİLER | C155: KARAMAN | D155: 207.1 | F155: =D155+E155 -> 207.1 | G155: 0 | I155: =G155+H155 -> 0 | J155: =D155-G155 -> 207.1 | K155: =E155-H155 -> 0 | L155: =J155*0.1 -> 20.71 | M155: =K155*0.1 -> 0 | N155: =F155-I155 -> 207.1 | O155: =N155*0.1 -> 20.71 | Q155: =TEXT(D155,"#.###,00") -> 207,10 | R155: =TEXT(E155,"#.###,00") -> ,00 | S155: =TEXT(F155,"#.###,00") -> 207,10 | T155: =TEXT(G155,"#.###,00") -> ,00 | U155: =TEXT(H155,"#.###,00") -> ,00 | V155: =TEXT(I155,"#.###,00") -> ,00 | W155: =TEXT(J155,"#.###,00") -> 207,10 | X155: =TEXT(K155,"#.###,00") -> ,00 | ... AB155: =TEXT(O155,"#.###,00") -> 20,71
A156: 155 | B156: MERKEZ | C156: KARS | D156: 5810.6 | E156: 4149 | F156: =D156+E156 -> 9959.6 | G156: 1366.5 | H156: 918.9 | I156: =G156+H156 -> 2285.4 | J156: =D156-G156 -> 4444.1 | K156: =E156-H156 -> 3230.1 | L156: =J156*0.1 -> 444.41 | M156: =K156*0.1 -> 323.01 | N156: =F156-I156 -> 7674.2 | O156: =N156*0.1 -> 767.42 | Q156: =TEXT(D156,"#.###,00") -> 5.810,60 | R156: =TEXT(E156,"#.###,00") -> 4.149,00 | S156: =TEXT(F156,"#.###,00") -> 9.959,60 | T156: =TEXT(G156,"#.###,00") -> 1.366,50 | U156: =TEXT(H156,"#.###,00") -> 918,90 | V156: =TEXT(I156,"#.###,00") -> 2.285,40 | W156: =TEXT(J156,"#.###,00") -> 4.444,10 | X156: =TEXT(K156,"#.###,00") -> 3.230,10 | ... AB156: =TEXT(O156,"#.###,00") -> 767,42
A157: 156 | B157: MERKEZ | C157: KASTAMONU | D157: 23299.95 | E157: 63756.07 | F157: =D157+E157 -> 87056.02 | G157: 93.8 | H157: 402.8 | I157: =G157+H157 -> 496.6 | J157: =D157-G157 -> 23206.15 | K157: =E157-H157 -> 63353.27 | L157: =J157*0.1 -> 2320.615 | M157: =K157*0.1 -> 6335.327 | N157: =F157-I157 -> 86559.42 | O157: =N157*0.1 -> 8655.942 | Q157: =TEXT(D157,"#.###,00") -> 23.299,95 | R157: =TEXT(E157,"#.###,00") -> 63.756,07 | S157: =TEXT(F157,"#.###,00") -> 87.056,02 | T157: =TEXT(G157,"#.###,00") -> 93,80 | U157: =TEXT(H157,"#.###,00") -> 402,80 | V157: =TEXT(I157,"#.###,00") -> 496,60 | W157: =TEXT(J157,"#.###,00") -> 23.206,15 | X157: =TEXT(K157,"#.###,00") -> 63.353,27 | ... AB157: =TEXT(O157,"#.###,00") -> 8.655,94
A158: 157 | B158: ŞENPAZAR | C158: KASTAMONU | D158: 3330.8 | E158: 3426.5 | F158: =D158+E158 -> 6757.3 | G158: 0 | H158: 0 | I158: =G158+H158 -> 0 | J158: =D158-G158 -> 3330.8 | K158: =E158-H158 -> 3426.5 | L158: =J158*0.1 -> 333.08 | M158: =K158*0.1 -> 342.65 | N158: =F158-I158 -> 6757.3 | O158: =N158*0.1 -> 675.73 | Q158: =TEXT(D158,"#.###,00") -> 3.330,80 | R158: =TEXT(E158,"#.###,00") -> 3.426,50 | S158: =TEXT(F158,"#.###,00") -> 6.757,30 | T158: =TEXT(G158,"#.###,00") -> ,00 | U158: =TEXT(H158,"#.###,00") -> ,00 | V158: =TEXT(I158,"#.###,00") -> ,00 | W158: =TEXT(J158,"#.###,00") -> 3.330,80 | X158: =TEXT(K158,"#.###,00") -> 3.426,50 | ... AB158: =TEXT(O158,"#.###,00") -> 675,73
A159: 158 | B159: ARAÇ | C159: KASTAMONU | D159: 4545.6 | E159: 280.3 | F159: =D159+E159 -> 4825.9 | G159: 0 | H159: 0 | I159: =G159+H159 -> 0 | J159: =D159-G159 -> 4545.6 | K159: =E159-H159 -> 280.3 | L159: =J159*0.1 -> 454.56 | M159: =K159*0.1 -> 28.03 | N159: =F159-I159 -> 4825.9 | O159: =N159*0.1 -> 482.59 | Q159: =TEXT(D159,"#.###,00") -> 4.545,60 | R159: =TEXT(E159,"#.###,00") -> 280,30 | S159: =TEXT(F159,"#.###,00") -> 4.825,90 | T159: =TEXT(G159,"#.###,00") -> ,00 | U159: =TEXT(H159,"#.###,00") -> ,00 | V159: =TEXT(I159,"#.###,00") -> ,00 | W159: =TEXT(J159,"#.###,00") -> 4.545,60 | X159: =TEXT(K159,"#.###,00") -> 280,30 | ... AB159: =TEXT(O159,"#.###,00") -> 482,59
A160: 159 | B160: BOZKURT | C160: KASTAMONU | D160: 302.5 | E160: 1668.2 | F160: =D160+E160 -> 1970.7 | G160: 0 | H160: 0 | I160: =G160+H160 -> 0 | J160: =D160-G160 -> 302.5 | K160: =E160-H160 -> 1668.2 | L160: =J160*0.1 -> 30.25 | M160: =K160*0.1 -> 166.82 | N160: =F160-I160 -> 1970.7 | O160: =N160*0.1 -> 197.07 | Q160: =TEXT(D160,"#.###,00") -> 302,50 | R160: =TEXT(E160,"#.###,00") -> 1.668,20 | S160: =TEXT(F160,"#.###,00") -> 1.970,70 | T160: =TEXT(G160,"#.###,00") -> ,00 | U160: =TEXT(H160,"#.###,00") -> ,00 | V160: =TEXT(I160,"#.###,00") -> ,00 | W160: =TEXT(J160,"#.###,00") -> 302,50 | X160: =TEXT(K160,"#.###,00") -> 1.668,20 | ... AB160: =TEXT(O160,"#.###,00") -> 197,07
A161: 160 | B161: TOSYA | C161: KASTAMONU | D161: 625 | E161: 919.6 | F161: =D161+E161 -> 1544.6 | G161: 0 | H161: 0 | I161: =G161+H161 -> 0 | J161: =D161-G161 -> 625 | K161: =E161-H161 -> 919.6 | L161: =J161*0.1 -> 62.5 | M161: =K161*0.1 -> 91.96 | N161: =F161-I161 -> 1544.6 | O161: =N161*0.1 -> 154.46 | Q161: =TEXT(D161,"#.###,00") -> 625,00 | R161: =TEXT(E161,"#.###,00") -> 919,60 | S161: =TEXT(F161,"#.###,00") -> 1.544,60 | T161: =TEXT(G161,"#.###,00") -> ,00 | U161: =TEXT(H161,"#.###,00") -> ,00 | V161: =TEXT(I161,"#.###,00") -> ,00 | W161: =TEXT(J161,"#.###,00") -> 625,00 | X161: =TEXT(K161,"#.###,00") -> 919,60 | ... AB161: =TEXT(O161,"#.###,00") -> 154,46
A162: 161 | B162: DEVREKANİ | C162: KASTAMONU | D162: 93.6 | E162: 402.8 | F162: =D162+E162 -> 496.4 | G162: 0 | H162: 0 | I162: =G162+H162 -> 0 | J162: =D162-G162 -> 93.6 | K162: =E162-H162 -> 402.8 | L162: =J162*0.1 -> 9.36 | M162: =K162*0.1 -> 40.28 | N162: =F162-I162 -> 496.4 | O162: =N162*0.1 -> 49.64 | Q162: =TEXT(D162,"#.###,00") -> 93,60 | R162: =TEXT(E162,"#.###,00") -> 402,80 | S162: =TEXT(F162,"#.###,00") -> 496,40 | T162: =TEXT(G162,"#.###,00") -> ,00 | U162: =TEXT(H162,"#.###,00") -> ,00 | V162: =TEXT(I162,"#.###,00") -> ,00 | W162: =TEXT(J162,"#.###,00") -> 93,60 | X162: =TEXT(K162,"#.###,00") -> 402,80 | ... AB162: =TEXT(O162,"#.###,00") -> 49,64
A163: 162 | B163: TAŞKÖPRÜ | C163: KASTAMONU | D163: 45 | E163: 402.8 | F163: =D163+E163 -> 447.8 | G163: 0 | H163: 0 | I163: =G163+H163 -> 0 | J163: =D163-G163 -> 45 | K163: =E163-H163 -> 402.8 | L163: =J163*0.1 -> 4.5 | M163: =K163*0.1 -> 40.28 | N163: =F163-I163 -> 447.8 | O163: =N163*0.1 -> 44.78 | Q163: =TEXT(D163,"#.###,00") -> 45,00 | R163: =TEXT(E163,"#.###,00") -> 402,80 | S163: =TEXT(F163,"#.###,00") -> 447,80 | T163: =TEXT(G163,"#.###,00") -> ,00 | U163: =TEXT(H163,"#.###,00") -> ,00 | V163: =TEXT(I163,"#.###,00") -> ,00 | W163: =TEXT(J163,"#.###,00") -> 45,00 | X163: =TEXT(K163,"#.###,00") -> 402,80 | ... AB163: =TEXT(O163,"#.###,00") -> 44,78
A164: 163 | B164: AZDAVAY | C164: KASTAMONU | D164: 234.8 | E164: 106.9 | F164: =D164+E164 -> 341.7 | G164: 0 | H164: 0 | I164: =G164+H164 -> 0 | J164: =D164-G164 -> 234.8 | K164: =E164-H164 -> 106.9 | L164: =J164*0.1 -> 23.48 | M164: =K164*0.1 -> 10.69 | N164: =F164-I164 -> 341.7 | O164: =N164*0.1 -> 34.17 | Q164: =TEXT(D164,"#.###,00") -> 234,80 | R164: =TEXT(E164,"#.###,00") -> 106,90 | S164: =TEXT(F164,"#.###,00") -> 341,70 | T164: =TEXT(G164,"#.###,00") -> ,00 | U164: =TEXT(H164,"#.###,00") -> ,00 | V164: =TEXT(I164,"#.###,00") -> ,00 | W164: =TEXT(J164,"#.###,00") -> 234,80 | X164: =TEXT(K164,"#.###,00") -> 106,90 | ... AB164: =TEXT(O164,"#.###,00") -> 34,17
A165: 164 | B165: KÜRE | C165: KASTAMONU | D165: 136.2 | E165: 89.5 | F165: =D165+E165 -> 225.7 | G165: 0 | H165: 0 | I165: =G165+H165 -> 0 | J165: =D165-G165 -> 136.2 | K165: =E165-H165 -> 89.5 | L165: =J165*0.1 -> 13.62 | M165: =K165*0.1 -> 8.95 | N165: =F165-I165 -> 225.7 | O165: =N165*0.1 -> 22.57 | Q165: =TEXT(D165,"#.###,00") -> 136,20 | R165: =TEXT(E165,"#.###,00") -> 89,50 | S165: =TEXT(F165,"#.###,00") -> 225,70 | T165: =TEXT(G165,"#.###,00") -> ,00 | U165: =TEXT(H165,"#.###,00") -> ,00 | V165: =TEXT(I165,"#.###,00") -> ,00 | W165: =TEXT(J165,"#.###,00") -> 136,20 | X165: =TEXT(K165,"#.###,00") -> 89,50 | ... AB165: =TEXT(O165,"#.###,00") -> 22,57
A166: 165 | B166: ABANA | C166: KASTAMONU | D166: 137.5 | E166: 29.4 | F166: =D166+E166 -> 166.9 | G166: 0 | H166: 0 | I166: =G166+H166 -> 0 | J166: =D166-G166 -> 137.5 | K166: =E166-H166 -> 29.4 | L166: =J166*0.1 -> 13.75 | M166: =K166*0.1 -> 2.94 | N166: =F166-I166 -> 166.9 | O166: =N166*0.1 -> 16.69 | Q166: =TEXT(D166,"#.###,00") -> 137,50 | R166: =TEXT(E166,"#.###,00") -> 29,40 | S166: =TEXT(F166,"#.###,00") -> 166,90 | T166: =TEXT(G166,"#.###,00") -> ,00 | U166: =TEXT(H166,"#.###,00") -> ,00 | V166: =TEXT(I166,"#.###,00") -> ,00 | W166: =TEXT(J166,"#.###,00") -> 137,50 | X166: =TEXT(K166,"#.###,00") -> 29,40 | ... AB166: =TEXT(O166,"#.###,00") -> 16,69
A167: 166 | B167: İNEBOLU | C167: KASTAMONU | D167: 113.3 | E167: 36.4 | F167: =D167+E167 -> 149.7 | G167: 38.5 | H167: 0 | I167: =G167+H167 -> 38.5 | J167: =D167-G167 -> 74.8 | K167: =E167-H167 -> 36.4 | L167: =J167*0.1 -> 7.48 | M167: =K167*0.1 -> 3.64 | N167: =F167-I167 -> 111.2 | O167: =N167*0.1 -> 11.12 | Q167: =TEXT(D167,"#.###,00") -> 113,30 | R167: =TEXT(E167,"#.###,00") -> 36,40 | S167: =TEXT(F167,"#.###,00") -> 149,70 | T167: =TEXT(G167,"#.###,00") -> 38,50 | U167: =TEXT(H167,"#.###,00") -> ,00 | V167: =TEXT(I167,"#.###,00") -> 38,50 | W167: =TEXT(J167,"#.###,00") -> 74,80 | X167: =TEXT(K167,"#.###,00") -> 36,40 | ... AB167: =TEXT(O167,"#.###,00") -> 11,12
A168: 167 | B168: CİDE | C168: KASTAMONU | D168: 105.1 | F168: =D168+E168 -> 105.1 | G168: 0 | I168: =G168+H168 -> 0 | J168: =D168-G168 -> 105.1 | K168: =E168-H168 -> 0 | L168: =J168*0.1 -> 10.51 | M168: =K168*0.1 -> 0 | N168: =F168-I168 -> 105.1 | O168: =N168*0.1 -> 10.51 | Q168: =TEXT(D168,"#.###,00") -> 105,10 | R168: =TEXT(E168,"#.###,00") -> ,00 | S168: =TEXT(F168,"#.###,00") -> 105,10 | T168: =TEXT(G168,"#.###,00") -> ,00 | U168: =TEXT(H168,"#.###,00") -> ,00 | V168: =TEXT(I168,"#.###,00") -> ,00 | W168: =TEXT(J168,"#.###,00") -> 105,10 | X168: =TEXT(K168,"#.###,00") -> ,00 | ... AB168: =TEXT(O168,"#.###,00") -> 10,51
...

Sheet Excel4
A1: SIRA | B1: BELEDİYE | C1: İL | D1: İLÇE İL | E1: ÜRETİM.BİNA | F1: ÜRT.MUHT. | G1: İPTAL.BİNA | H1: İPTAL.MUHT. | I1: NET PRİM | J1: YSV | K1: kontrol | L1: ilçe il BİRLEŞTİR | M1: X
A2: 1 | B2: ADANA BÜYÜKŞEHİR | C2: ADANA | D2: =L2 -> ADANA BÜYÜKŞEHİR / ADANA | E2: 174202.41 | F2: 154813.22 | G2: 10663.7 | H2: 13590.9 | I2: 304761.03 | J2: 30476.1 | K2: =VLOOKUP(D2,Excel6!A:H,8,0) -> 30476.1 | L2: =CONCATENATE(B2& " / " &C2) -> ADANA BÜYÜKŞEHİR / ADANA | M2: =J2-K2 -> 0
A3: 2 | B3: MERKEZ | C3: ADIYAMAN | D3: =L3 -> MERKEZ / ADIYAMAN | E3: 12248.3 | F3: 15964.6 | G3: 802.4 | H3: 1371.1 | I3: 26039.4 | J3: 2603.94 | K3: =VLOOKUP(D3,Excel6!A:H,8,0) -> 2603.94 | L3: =CONCATENATE(B3& " / " &C3) -> MERKEZ / ADIYAMAN | M3: =J3-K3 -> 0
A4: 3 | B4: KAHTA | C4: ADIYAMAN | D4: =L4 -> KAHTA / ADIYAMAN | E4: 1905.1 | F4: 3151.8 | G4: 0 | H4: 0 | I4: 5056.9 | J4: 505.69 | K4: =VLOOKUP(D4,Excel6!A:H,8,0) -> 505.69 | L4: =CONCATENATE(B4& " / " &C4) -> KAHTA / ADIYAMAN | M4: =J4-K4 -> 0
A5: 4 | B5: BESNİ | C5: ADIYAMAN | D5: =L5 -> BESNİ / ADIYAMAN | E5: 261.1 | F5: 449.6 | G5: 0 | H5: 0 | I5: 710.7 | J5: 71.07 | K5: =VLOOKUP(D5,Excel6!A:H,8,0) -> 71.07 | L5: =CONCATENATE(B5& " / " &C5) -> BESNİ / ADIYAMAN | M5: =J5-K5 -> 0
A6: 5 | B6: ÇELİKHAN | C6: ADIYAMAN | D6: =L6 -> ÇELİKHAN / ADIYAMAN | E6: 307.4 | F6: 118 | G6: 0 | H6: 0 | I6: 425.4 | J6: 42.54 | K6: =VLOOKUP(D6,Excel6!A:H,8,0) -> 42.54 | L6: =CONCATENATE(B6& " / " &C6) -> ÇELİKHAN / ADIYAMAN | M6: =J6-K6 -> 0
A7: 6 | B7: GÖLBAŞI | C7: ADIYAMAN | D7: =L7 -> GÖLBAŞI / ADIYAMAN | E7: 88.6 | F7: 134.3 | G7: 0 | H7: 0 | I7: 222.9 | J7: 22.29 | K7: =VLOOKUP(D7,Excel6!A:H,8,0) -> 22.29 | L7: =CONCATENATE(B7& " / " &C7) -> GÖLBAŞI / ADIYAMAN | M7: =J7-K7 -> 0
A8: 7 | B8: MERKEZ | C8: AFYONKARAHİSAR | D8: =L8 -> MERKEZ / AFYONKARAHİSAR | E8: 30076.5 | F8: 55308.7 | G8: 344 | H8: 282.9 | I8: 84758.3 | J8: 8475.83 | K8: =VLOOKUP(D8,Excel6!A:H,8,0) -> 8475.83 | L8: =CONCATENATE(B8& " / " &C8) -> MERKEZ / AFYONKARAHİSAR | M8: =J8-K8 -> 0
A9: 8 | B9: ÇAY | C9: AFYONKARAHİSAR | D9: =L9 -> ÇAY / AFYONKARAHİSAR | E9: 51763.5 | G9: 0 | I9: 51763.5 | J9: 5176.35 | K9: =VLOOKUP(D9,Excel6!A:H,8,0) -> 5176.35 | L9: =CONCATENATE(B9& " / " &C9) -> ÇAY / AFYONKARAHİSAR | M9: =J9-K9 -> 0
A10: 9 | B10: ŞUHUT | C10: AFYONKARAHİSAR | D10: =L10 -> ŞUHUT / AFYONKARAHİSAR | E10: 4257 | F10: 1005.5 | G10: 0 | H10: 0 | I10: 5262.5 | J10: 526.25 | K10: =VLOOKUP(D10,Excel6!A:H,8,0) -> 526.25 | L10: =CONCATENATE(B10& " / " &C10) -> ŞUHUT / AFYONKARAHİSAR | M10: =J10-K10 -> 0
A11: 10 | B11: İSCEHİSAR | C11: AFYONKARAHİSAR | D11: =L11 -> İSCEHİSAR / AFYONKARAHİSAR | E11: 2151.9 | F11: 199.1 | G11: 0 | H11: 0 | I11: 2351 | J11: 235.1 | K11: =VLOOKUP(D11,Excel6!A:H,8,0) -> 235.1 | L11: =CONCATENATE(B11& " / " &C11) -> İSCEHİSAR / AFYONKARAHİSAR | M11: =J11-K11 -> 0
A12: 11 | B12: DİNAR | C12: AFYONKARAHİSAR | D12: =L12 -> DİNAR / AFYONKARAHİSAR | E12: 890.4 | F12: 1468.4 | G12: 21.7 | H12: 12.1 | I12: 2325 | J12: 232.5 | K12: =VLOOKUP(D12,Excel6!A:H,8,0) -> 232.5 | L12: =CONCATENATE(B12& " / " &C12) -> DİNAR / AFYONKARAHİSAR | M12: =J12-K12 -> 0
A13: 12 | B13: DAZKIRI | C13: AFYONKARAHİSAR | D13: =L13 -> DAZKIRI / AFYONKARAHİSAR | E13: 0.2 | F13: 2049.3 | G13: 0 | H13: 0 | I13: 2049.5 | J13: 204.95 | K13: =VLOOKUP(D13,Excel6!A:H,8,0) -> 204.95 | L13: =CONCATENATE(B13& " / " &C13) -> DAZKIRI / AFYONKARAHİSAR | M13: =J13-K13 -> 0
A14: 13 | B14: İHSANİYE | C14: AFYONKARAHİSAR | D14: =L14 -> İHSANİYE / AFYONKARAHİSAR | E14: 0.1 | F14: 1335.8 | G14: 0 | H14: 0 | I14: 1335.9 | J14: 133.59 | K14: =VLOOKUP(D14,Excel6!A:H,8,0) -> 133.59 | L14: =CONCATENATE(B14& " / " &C14) -> İHSANİYE / AFYONKARAHİSAR | M14: =J14-K14 -> 0
A15: 14 | B15: SULTANDAĞI | C15: AFYONKARAHİSAR | D15: =L15 -> SULTANDAĞI / AFYONKARAHİSAR | E15: 688.6 | F15: 478.1 | G15: 0 | H15: 0 | I15: 1166.7 | J15: 116.67 | K15: =VLOOKUP(D15,Excel6!A:H,8,0) -> 116.67 | L15: =CONCATENATE(B15& " / " &C15) -> SULTANDAĞI / AFYONKARAHİSAR | M15: =J15-K15 -> 0
A16: 15 | B16: EMİRDAĞ | C16: AFYONKARAHİSAR | D16: =L16 -> EMİRDAĞ / AFYONKARAHİSAR | E16: 909.3 | F16: 256.5 | G16: 23.3 | H16: 0 | I16: 1142.5 | J16: 114.25 | K16: =VLOOKUP(D16,Excel6!A:H,8,0) -> 114.25 | L16: =CONCATENATE(B16& " / " &C16) -> EMİRDAĞ / AFYONKARAHİSAR | M16: =J16-K16 -> 0
A17: 16 | B17: SİNANPAŞA | C17: AFYONKARAHİSAR | D17: =L17 -> SİNANPAŞA / AFYONKARAHİSAR | E17: 188.1 | F17: 793.7 | G17: 0 | H17: 0 | I17: 981.8 | J17: 98.18 | K17: =VLOOKUP(D17,Excel6!A:H,8,0) -> 98.18 | L17: =CONCATENATE(B17& " / " &C17) -> SİNANPAŞA / AFYONKARAHİSAR | M17: =J17-K17 -> 0
A18: 17 | B18: SANDIKLI | C18: AFYONKARAHİSAR | D18: =L18 -> SANDIKLI / AFYONKARAHİSAR | E18: 207.2 | F18: 569.4 | G18: 0 | H18: 0 | I18: 776.6 | J18: 77.66 | K18: =VLOOKUP(D18,Excel6!A:H,8,0) -> 77.66 | L18: =CONCATENATE(B18& " / " &C18) -> SANDIKLI / AFYONKARAHİSAR | M18: =J18-K18 -> 0
A19: 18 | B19: BOLVADİN | C19: AFYONKARAHİSAR | D19: =L19 -> BOLVADİN / AFYONKARAHİSAR | E19: 258.4 | F19: 411 | G19: 0 | H19: 0 | I19: 669.4 | J19: 66.94 | K19: =VLOOKUP(D19,Excel6!A:H,8,0) -> 66.94 | L19: =CONCATENATE(B19& " / " &C19) -> BOLVADİN / AFYONKARAHİSAR | M19: =J19-K19 -> 0
A20: 19 | B20: SİNANPAŞA | C20: AFYONKARAHİSAR | D20: =L20 -> SİNANPAŞA / AFYONKARAHİSAR | E20: 299.8 | F20: 281.8 | G20: 0 | H20: 0 | I20: 581.6 | J20: 58.16 | K20: =VLOOKUP(D20,Excel6!A:H,8,0) -> 58.16 | L20: =CONCATENATE(B20& " / " &C20) -> SİNANPAŞA / AFYONKARAHİSAR | M20: =J20-K20 -> 0
A21: 20 | B21: HOCALAR | C21: AFYONKARAHİSAR | D21: =L21 -> HOCALAR / AFYONKARAHİSAR | E21: 246.6 | F21: 129.8 | G21: 4.2 | H21: 57.2 | I21: 315 | J21: 31.5 | K21: =VLOOKUP(D21,Excel6!A:H,8,0) -> 31.5 | L21: =CONCATENATE(B21& " / " &C21) -> HOCALAR / AFYONKARAHİSAR | M21: =J21-K21 -> 0
... A26: 25 | B26: SULTANHANI | C26: AKSARAY | D26: =L26 -> SULTANHANI / AKSARAY | E26: 15822.4 | F26: 10439.7 | G26: 7826.9 | H26: 6006.3 | I26: 12428.9 | J26: 1242.89 | K26: =VLOOKUP(D26,Excel6!A:H,8,0) -> 1242.89 | L26: =CONCATENATE(B26& " / " &C26) -> SULTANHANI / AKSARAY | M26: =J26-K26 -> 0
A27: 26 | B27: AĞAÇÖREN | C27: AKSARAY | D27: =L27 -> AĞAÇÖREN / AKSARAY | F27: 4362.3 | H27: 0 | I27: 4362.3 | J27: 436.23 | K27: =VLOOKUP(D27,Excel6!A:H,8,0) -> 436.23 | L27: =CONCATENATE(B27& " / " &C27) -> AĞAÇÖREN / AKSARAY | M27: =J27-K27 -> 0
A28: 27 | B28: ESKİL | C28: AKSARAY | D28: =L28 -> ESKİL / AKSARAY | E28: 551 | F28: 2947.3 | G28: 110.2 | H28: 587.1 | I28: 2801 | J28: 280.1 | K28: =VLOOKUP(D28,Excel6!A:H,8,0) -> 280.1 | L28: =CONCATENATE(B28& " / " &C28) -> ESKİL / AKSARAY | M28: =J28-K28 -> 0
A29: 28 | B29: ORTAKÖY | C29: AKSARAY | D29: =L29 -> ORTAKÖY / AKSARAY | E29: 310.4 | F29: 401.2 | G29: 0 | H29: 0 | I29: 711.6 | J29: 71.16 | K29: =VLOOKUP(D29,Excel6!A:H,8,0) -> 71.16 | L29: =CONCATENATE(B29& " / " &C29) -> ORTAKÖY / AKSARAY | M29: =J29-K29 -> 0
A30: 29 | B30: GÜZELYURT | C30: AKSARAY | D30: =L30 -> GÜZELYURT / AKSARAY | E30: 85.8 | F30: 51.9 | G30: 0.1 | H30: 0 | I30: 137.6 | J30: 13.76 | K30: =VLOOKUP(D30,Excel6!A:H,8,0) -> 13.76 | L30: =CONCATENATE(B30& " / " &C30) -> GÜZELYURT / AKSARAY | M30: =J30-K30 -> 0
A31: 30 | B31: MERKEZ | C31: AMASYA | D31: =L31 -> MERKEZ / AMASYA | E31: 18996.4 | F31: 45496 | G31: 173.7 | H31: 602.3 | I31: 63716.4 | J31: 6371.64 | K31: =VLOOKUP(D31,Excel6!A:H,8,0) -> 6371.64 | L31: =CONCATENATE(B31& " / " &C31) -> MERKEZ / AMASYA | M31: =J31-K31 -> 0
A32: 31 | B32: MERZİFON | C32: AMASYA | D32: =L32 -> MERZİFON / AMASYA | E32: 5248.4 | F32: 2442.3 | G32: 45 | H32: 402.8 | I32: 7242.9 | J32: 724.29 | K32: =VLOOKUP(D32,Excel6!A:H,8,0) -> 724.29 | L32: =CONCATENATE(B32& " / " &C32) -> MERZİFON / AMASYA | M32: =J32-K32 -> 0
A33: 32 | B33: GÜMÜŞHACIKÖY | C33: AMASYA | D33: =L33 -> GÜMÜŞHACIKÖY / AMASYA | E33: 377.1 | F33: 313.3 | G33: 0 | H33: 0 | I33: 690.4 | J33: 69.04 | K33: =VLOOKUP(D33,Excel6!A:H,8,0) -> 69.04 | L33: =CONCATENATE(B33& " / " &C33) -> GÜMÜŞHACIKÖY / AMASYA | M33: =J33-K33 -> 0
A34: 33 | B34: GÖYNÜCEK | C34: AMASYA | D34: =L34 -> GÖYNÜCEK / AMASYA | E34: 5.4 | F34: 103.3 | G34: 0 | H34: 0 | I34: 108.7 | J34: 10.87 | K34: =VLOOKUP(D34,Excel6!A:H,8,0) -> 10.87 | L34: =CONCATENATE(B34& " / " &C34) -> GÖYNÜCEK / AMASYA | M34: =J34-K34 -> 0
A35: 34 | B35: TAŞOVA | C35: AMASYA | D35: =L35 -> TAŞOVA / AMASYA | E35: 5.4 | F35: 103.3 | G35: 0 | H35: 0 | I35: 108.7 | J35: 10.87 | K35: =VLOOKUP(D35,Excel6!A:H,8,0) -> 10.87 | L35: =CONCATENATE(B35& " / " &C35) -> TAŞOVA / AMASYA | M35: =J35-K35 -> 0
A36: 35 | B36: SULUOVA | C36: AMASYA | D36: =L36 -> SULUOVA / AMASYA | E36: 207 | G36: 126.4 | I36: 80.6 | J36: 8.06 | K36: =VLOOKUP(D36,Excel6!A:H,8,0) -> 8.06 | L36: =CONCATENATE(B36& " / " &C36) -> SULUOVA / AMASYA | M36: =J36-K36 -> 0
A37: 36 | B37: ANKARA BÜYÜKŞEHİR | C37: ANKARA | D37: =L37 -> ANKARA BÜYÜKŞEHİR / ANKARA | E37: 1011237.3 | F37: 1497153.8 | G37: 51577.41 | H37: 107930.46 | I37: 2348883.2 | J37: 234888.37 | K37: =VLOOKUP(D37,Excel6!A:H,8,0) -> 234888.37 | L37: =CONCATENATE(B37& " / " &C37) -> ANKARA BÜYÜKŞEHİR / ANKARA | M37: =J37-K37 -> 0
A38: 37 | B38: ANTALYA BÜYÜKŞEHİR | C38: ANTALYA | D38: =L38 -> ANTALYA BÜYÜKŞEHİR / ANTALYA | E38: 656158.68 | F38: 1043094.9 | G38: 66212.22 | H38: 73315.48 | I38: 1559725.9 | J38: 155972.61 | K38: =VLOOKUP(D38,Excel6!A:H,8,0) -> 155972.61 | L38: =CONCATENATE(B38& " / " &C38) -> ANTALYA BÜYÜKŞEHİR / ANTALYA | M38: =J38-K38 -> 0
A39: 38 | B39: MERKEZ | C39: ARDAHAN | D39: =L39 -> MERKEZ / ARDAHAN | E39: 4355 | F39: 2429.3 | G39: 1738.6 | H39: 28.3 | I39: 5017.4 | J39: 501.74 | K39: =VLOOKUP(D39,Excel6!A:H,8,0) -> 501.74 | L39: =CONCATENATE(B39& " / " &C39) -> MERKEZ / ARDAHAN | M39: =J39-K39 -> 0
A40: 39 | B40: GÖLE | C40: ARDAHAN | D40: =L40 -> GÖLE / ARDAHAN | E40: 1702.7 | F40: 502.7 | G40: 0 | H40: 0 | I40: 2205.4 | J40: 220.54 | K40: =VLOOKUP(D40,Excel6!A:H,8,0) -> 220.54 | L40: =CONCATENATE(B40& " / " &C40) -> GÖLE / ARDAHAN | M40: =J40-K40 -> 0
A41: 40 | B41: HANAK | C41: ARDAHAN | D41: =L41 -> HANAK / ARDAHAN | E41: 455.8 | F41: 45.8 | G41: 0 | H41: 0 | I41: 501.6 | J41: 50.16 | K41: =VLOOKUP(D41,Excel6!A:H,8,0) -> 50.16 | L41: =CONCATENATE(B41& " / " &C41) -> HANAK / ARDAHAN | M41: =J41-K41 -> 0
A42: 41 | B42: POSOF | C42: ARDAHAN | D42: =L42 -> POSOF / ARDAHAN | E42: 4.6 | F42: 478.5 | G42: 0 | H42: 0 | I42: 483.1 | J42: 48.31 | K42: =VLOOKUP(D42,Excel6!A:H,8,0) -> 48.31 | L42: =CONCATENATE(B42& " / " &C42) -> POSOF / ARDAHAN | M42: =J42-K42 -> 0
A43: 42 | B43: DAMAL | C43: ARDAHAN | D43: =L43 -> DAMAL / ARDAHAN | E43: 288.7 | F43: 186.4 | G43: 0 | H43: 0 | I43: 475.1 | J43: 47.51 | K43: =VLOOKUP(D43,Excel6!A:H,8,0) -> 47.51 | L43: =CONCATENATE(B43& " / " &C43) -> DAMAL / ARDAHAN | M43: =J43-K43 -> 0
A44: 43 | B44: HOPA | C44: ARTVİN | D44: =L44 -> HOPA / ARTVİN | E44: 2585.7 | F44: 1052.9 | G44: 998.5 | H44: 0 | I44: 2640.1 | J44: 264.01 | K44: =VLOOKUP(D44,Excel6!A:H,8,0) -> 264.01 | L44: =CONCATENATE(B44& " / " &C44) -> HOPA / ARTVİN | M44: =J44-K44 -> 0
A45: 44 | B45: MERKEZ | C45: ARTVİN | D45: =L45 -> MERKEZ / ARTVİN | E45: 1202.2 | F45: 2736.7 | G45: 714.6 | H45: 2192.6 | I45: 1031.7 | J45: 103.17 | K45: =VLOOKUP(D45,Excel6!A:H,8,0) -> 103.17 | L45: =CONCATENATE(B45& " / " &C45) -> MERKEZ / ARTVİN | M45: =J45-K45 -> 0
A46: 45 | B46: YUSUFELİ | C46: ARTVİN | D46: =L46 -> YUSUFELİ / ARTVİN | E46: 507.2 | F46: 240.3 | G46: 0 | H46: 0 | I46: 747.5 | J46: 74.75 | K46: =VLOOKUP(D46,Excel6!A:H,8,0) -> 74.75 | L46: =CONCATENATE(B46& " / " &C46) -> YUSUFELİ / ARTVİN | M46: =J46-K46 -> 0
A47: 46 | B47: ARHAVİ | C47: ARTVİN | D47: =L47 -> ARHAVİ / ARTVİN | E47: 178.6 | F47: 433.3 | G47: 0 | H47: 0 | I47: 611.9 | J47: 61.19 | K47: =VLOOKUP(D47,Excel6!A:H,8,0) -> 61.19 | L47: =CONCATENATE(B47& " / " &C47) -> ARHAVİ / ARTVİN | M47: =J47-K47 -> 0
A48: 47 | B48: AYDIN BÜYÜKŞEHİR | C48: AYDIN | D48: =L48 -> AYDIN BÜYÜKŞEHİR / AYDIN | E48: 99432.1 | F48: 122188.51 | G48: 11764.01 | H48: 16220.01 | I48: 193636.59 | J48: 19363.68 | K48: =VLOOKUP(D48,Excel6!A:H,8,0) -> 19363.68 | L48: =CONCATENATE(B48& " / " &C48) -> AYDIN BÜYÜKŞEHİR / AYDIN | M48: =J48-K48 -> 0
... A63: 62 | B63: MERKEZ | C63: BİNGÖL | D63: =L63 -> MERKEZ / BİNGÖL | E63: 15455.5 | F63: 5983.9 | G63: 5522.1 | H63: 1636.1 | I63: 14281.2 | J63: 1428.12 | K63: =VLOOKUP(D63,Excel6!A:H,8,0) -> 1428.12 | L63: =CONCATENATE(B63& " / " &C63) -> MERKEZ / BİNGÖL | M63: =J63-K63 -> 0
A64: 63 | B64: KARLIOVA | C64: BİNGÖL | D64: =L64 -> KARLIOVA / BİNGÖL | E64: 917.5 | G64: 0 | I64: 917.5 | J64: 91.75 | K64: =VLOOKUP(D64,Excel6!A:H,8,0) -> 91.75 | L64: =CONCATENATE(B64& " / " &C64) -> KARLIOVA / BİNGÖL | M64: =J64-K64 -> 0
A65: 64 | B65: MERKEZ | C65: BİTLİS | D65: =L65 -> MERKEZ / BİTLİS | E65: 1315.9 | F65: 13052.2 | G65: 439.2 | H65: 8164.9 | I65: 5764 | J65: 576.4 | K65: =VLOOKUP(D65,Excel6!A:H,8,0) -> 576.4 | L65: =CONCATENATE(B65& " / " &C65) -> MERKEZ / BİTLİS | M65: =J65-K65 -> 0
A66: 65 | B66: TATVAN | C66: BİTLİS | D66: =L66 -> TATVAN / BİTLİS | E66: 902.6 | F66: 249.7 | G66: 317.6 | H66: 196 | I66: 638.7 | J66: 63.87 | K66: =VLOOKUP(D66,Excel6!A:H,8,0) -> 63.87 | L66: =CONCATENATE(B66& " / " &C66) -> TATVAN / BİTLİS | M66: =J66-K66 -> 0
A67: 66 | B67: AHLAT | C67: BİTLİS | D67: =L67 -> AHLAT / BİTLİS | E67: 273.5 | F67: 247.8 | G67: 0 | H67: 0 | I67: 521.3 | J67: 52.13 | K67: =VLOOKUP(D67,Excel6!A:H,8,0) -> 52.13 | L67: =CONCATENATE(B67& " / " &C67) -> AHLAT / BİTLİS | M67: =J67-K67 -> 0
A68: 67 | B68: MERKEZ | C68: BOLU | D68: =L68 -> MERKEZ / BOLU | E68: 51898.36 | F68: 69887.79 | G68: 590.6 | H68: 697.1 | I68: 120498.45 | J68: 12049.82 | K68: =VLOOKUP(D68,Excel6!A:H,8,0) -> 12049.82 | L68: =CONCATENATE(B68& " / " &C68) -> MERKEZ / BOLU | M68: =J68-K68 -> 0
A69: 68 | B69: GEREDE | C69: BOLU | D69: =L69 -> GEREDE / BOLU | E69: 166.6 | F69: 3.4 | G69: 0 | H69: 0 | I69: 170 | J69: 17 | K69: =VLOOKUP(D69,Excel6!A:H,8,0) -> 17 | L69: =CONCATENATE(B69& " / " &C69) -> GEREDE / BOLU | M69: =J69-K69 -> 0
A70: 69 | B70: GÖYNÜK | C70: BOLU | D70: =L70 -> GÖYNÜK / BOLU | E70: 5.4 | F70: 103.3 | G70: 0 | H70: 0 | I70: 108.7 | J70: 10.87 | K70: =VLOOKUP(D70,Excel6!A:H,8,0) -> 10.87 | L70: =CONCATENATE(B70& " / " &C70) -> GÖYNÜK / BOLU | M70: =J70-K70 -> 0
A71: 70 | B71: YENİÇAĞA | C71: BOLU | D71: =L71 -> YENİÇAĞA / BOLU | E71: 5.4 | F71: 103.3 | G71: 0 | H71: 0 | I71: 108.7 | J71: 10.87 | K71: =VLOOKUP(D71,Excel6!A:H,8,0) -> 10.87 | L71: =CONCATENATE(B71& " / " &C71) -> YENİÇAĞA / BOLU | M71: =J71-K71 -> 0
A72: 71 | B72: MERKEZ | C72: BURDUR | D72: =L72 -> MERKEZ / BURDUR | E72: 5204.7 | F72: 10965.5 | G72: 169.6 | H72: 865 | I72: 15135.6 | J72: 1513.56 | K72: =VLOOKUP(D72,Excel6!A:H,8,0) -> 1513.56 | L72: =CONCATENATE(B72& " / " &C72) -> MERKEZ / BURDUR | M72: =J72-K72 -> 0
A73: 72 | B73: ÇAVDIR | C73: BURDUR | D73: =L73 -> ÇAVDIR / BURDUR | E73: 738.3 | F73: 549.7 | G73: 0 | H73: 0 | I73: 1288 | J73: 128.8 | K73: =VLOOKUP(D73,Excel6!A:H,8,0) -> 128.8 | L73: =CONCATENATE(B73& " / " &C73) -> ÇAVDIR / BURDUR | M73: =J73-K73 -> 0
A74: 73 | B74: GÖLHİSAR | C74: BURDUR | D74: =L74 -> GÖLHİSAR / BURDUR | E74: 3.3 | F74: 121.3 | G74: 0 | H74: 0 | I74: 124.6 | J74: 12.46 | K74: =VLOOKUP(D74,Excel6!A:H,8,0) -> 12.46 | L74: =CONCATENATE(B74& " / " &C74) -> GÖLHİSAR / BURDUR | M74: =J74-K74 -> 0
A75: 74 | B75: KARAMANLI | C75: BURDUR | D75: =L75 -> KARAMANLI / BURDUR | E75: 0.5 | F75: 76.4 | G75: 0 | H75: 0 | I75: 76.9 | J75: 7.69 | K75: =VLOOKUP(D75,Excel6!A:H,8,0) -> 7.69 | L75: =CONCATENATE(B75& " / " &C75) -> KARAMANLI / BURDUR | M75: =J75-K75 -> 0
A76: 75 | B76: BURSA BÜYÜKŞEHİR | C76: BURSA | D76: =L76 -> BURSA BÜYÜKŞEHİR / BURSA | E76: 429731.52 | F76: 844865.64 | G76: 114887.64 | H76: 127353.21 | I76: 1032356.3 | J76: 103235.7 | K76: =VLOOKUP(D76,Excel6!A:H,8,0) -> 103235.7 | L76: =CONCATENATE(B76& " / " &C76) -> BURSA BÜYÜKŞEHİR / BURSA | M76: =J76-K76 -> 0
... A121: 120 | B121: MERKEZ | C121: ERZİNCAN | D121: =L121 -> MERKEZ / ERZİNCAN | E121: 7797.5 | F121: 4826.7 | G121: 3380 | H121: 237 | I121: 9007.2 | J121: 900.72 | K121: =VLOOKUP(D121,Excel6!A:H,8,0) -> 900.72 | L121: =CONCATENATE(B121& " / " &C121) -> MERKEZ / ERZİNCAN | M121: =J121-K121 -> 0
A122: 121 | B122: İLİÇ | C122: ERZİNCAN | D122: =L122 -> İLİÇ / ERZİNCAN | F122: 2031.1 | H122: 0 | I122: 2031.1 | J122: 203.11 | K122: =VLOOKUP(D122,Excel6!A:H,8,0) -> 203.11 | L122: =CONCATENATE(B122& " / " &C122) -> İLİÇ / ERZİNCAN | M122: =J122-K122 -> 0
A123: 122 | B123: KEMAH | C123: ERZİNCAN | D123: =L123 -> KEMAH / ERZİNCAN | E123: 111.1 | F123: 565.9 | G123: 0 | H123: 0 | I123: 677 | J123: 67.7 | K123: =VLOOKUP(D123,Excel6!A:H,8,0) -> 67.7 | L123: =CONCATENATE(B123& " / " &C123) -> KEMAH / ERZİNCAN | M123: =J123-K123 -> 0
A124: 123 | B124: TERCAN | C124: ERZİNCAN | D124: =L124 -> TERCAN / ERZİNCAN | E124: 328.5 | F124: 229.1 | G124: 0 | H124: 0 | I124: 557.6 | J124: 55.76 | K124: =VLOOKUP(D124,Excel6!A:H,8,0) -> 55.76 | L124: =CONCATENATE(B124& " / " &C124) -> TERCAN / ERZİNCAN | M124: =J124-K124 -> 0
A125: 124 | B125: KEMALİYE | C125: ERZİNCAN | D125: =L125 -> KEMALİYE / ERZİNCAN | E125: 286.8 | F125: 97.7 | G125: 0 | H125: 0 | I125: 384.5 | J125: 38.45 | K125: =VLOOKUP(D125,Excel6!A:H,8,0) -> 38.45 | L125: =CONCATENATE(B125& " / " &C125) -> KEMALİYE / ERZİNCAN | M125: =J125-K125 -> 0
A126: 125 | B126: ERZURUM BÜYÜKŞEHİR | C126: ERZURUM | D126: =L126 -> ERZURUM BÜYÜKŞEHİR / ERZURUM | E126: 117921.4 | F126: 1301826.8 | G126: 705.6 | H126: 1949.2 | I126: 1417093.4 | J126: 141709.34 | K126: =VLOOKUP(D126,Excel6!A:H,8,0) -> 141709.34 | L126: =CONCATENATE(B126& " / " &C126) -> ERZURUM BÜYÜKŞEHİR / ERZURUM | M126: =J126-K126 -> 0
A127: 126 | B127: ESKİŞEHİR BÜYÜKŞEHİR | C127: ESKİŞEHİR | D127: =L127 -> ESKİŞEHİR BÜYÜKŞEHİR / ESKİŞEHİR | E127: 45046.13 | F127: 108566.84 | G127: 2075.3 | H127: 3319.3 | I127: 148218.37 | J127: 14821.83 | K127: =VLOOKUP(D127,Excel6!A:H,8,0) -> 14821.83 | L127: =CONCATENATE(B127& " / " &C127) -> ESKİŞEHİR BÜYÜKŞEHİR / ESKİŞEHİR | M127: =J127-K127 -> 0
A128: 127 | B128: GAZİANTEP BÜYÜKŞEHİR | C128: GAZİANTEP | D128: =L128 -> GAZİANTEP BÜYÜKŞEHİR / GAZİANTEP | E128: 102994.87 | F128: 177831.94 | G128: 8092.3 | H128: 49116.8 | I128: 223617.71 | J128: 22361.76 | K128: =VLOOKUP(D128,Excel6!A:H,8,0) -> 22361.76 | L128: =CONCATENATE(B128& " / " &C128) -> GAZİANTEP BÜYÜKŞEHİR / GAZİANTEP | M128: =J128-K128 -> 0
A129: 128 | B129: KEŞAP | C129: GİRESUN | D129: =L129 -> KEŞAP / GİRESUN | E129: 37455.4 | F129: 46764.7 | G129: 64.4 | H129: 131.3 | I129: 84024.4 | J129: 8402.44 | K129: =VLOOKUP(D129,Excel6!A:H,8,0) -> 8402.44 | L129: =CONCATENATE(B129& " / " &C129) -> KEŞAP / GİRESUN | M129: =J129-K129 -> 0
A130: 129 | B130: MERKEZ | C130: GİRESUN | D130: =L130 -> MERKEZ / GİRESUN | E130: 28130.94 | F130: 15194.25 | G130: 1079.6 | H130: 4059.1 | I130: 38186.49 | J130: 3818.64 | K130: =VLOOKUP(D130,Excel6!A:H,8,0) -> 3818.64 | L130: =CONCATENATE(B130& " / " &C130) -> MERKEZ / GİRESUN | M130: =J130-K130 -> 0
A131: 130 | B131: ESPİYE | C131: GİRESUN | D131: =L131 -> ESPİYE / GİRESUN | E131: 6059.6 | F131: 6816.6 | G131: 4.5 | H131: 85.7 | I131: 12786 | J131: 1278.6 | K131: =VLOOKUP(D131,Excel6!A:H,8,0) -> 1278.6 | L131: =CONCATENATE(B131& " / " &C131) -> ESPİYE / GİRESUN | M131: =J131-K131 -> 0
A132: 131 | B132: BULANCAK | C132: GİRESUN | D132: =L132 -> BULANCAK / GİRESUN | E132: 2510.4 | F132: 2217.7 | G132: 45 | H132: 402.8 | I132: 4280.3 | J132: 428.03 | K132: =VLOOKUP(D132,Excel6!A:H,8,0) -> 428.03 | L132: =CONCATENATE(B132& " / " &C132) -> BULANCAK / GİRESUN | M132: =J132-K132 -> 0
A133: 132 | B133: DERELİ | C133: GİRESUN | D133: =L133 -> DERELİ / GİRESUN | E133: 298.3 | F133: 699 | G133: 0 | H133: 0 | I133: 997.3 | J133: 99.73 | K133: =VLOOKUP(D133,Excel6!A:H,8,0) -> 99.73 | L133: =CONCATENATE(B133& " / " &C133) -> DERELİ / GİRESUN | M133: =J133-K133 -> 0
A134: 133 | B134: ŞEBİNKARAHİSAR | C134: GİRESUN | D134: =L134 -> ŞEBİNKARAHİSAR / GİRESUN | E134: 528.8 | F134: 296.7 | G134: 0 | H134: 0 | I134: 825.5 | J134: 82.55 | K134: =VLOOKUP(D134,Excel6!A:H,8,0) -> 82.55 | L134: =CONCATENATE(B134& " / " &C134) -> ŞEBİNKARAHİSAR / GİRESUN | M134: =J134-K134 -> 0
A135: 134 | B135: GÖRELE | C135: GİRESUN | D135: =L135 -> GÖRELE / GİRESUN | E135: 607.8 | G135: 0 | I135: 607.8 | J135: 60.78 | K135: =VLOOKUP(D135,Excel6!A:H,8,0) -> 60.78 | L135: =CONCATENATE(B135& " / " &C135) -> GÖRELE / GİRESUN | M135: =J135-K135 -> 0
A136: 135 | B136: GÜCE | C136: GİRESUN | D136: =L136 -> GÜCE / GİRESUN | E136: 86.4 | F136: 428.1 | G136: 0 | H136: 0 | I136: 514.5 | J136: 51.45 | K136: =VLOOKUP(D136,Excel6!A:H,8,0) -> 51.45 | L136: =CONCATENATE(B136& " / " &C136) -> GÜCE / GİRESUN | M136: =J136-K136 -> 0
A137: 136 | B137: MERKEZ | C137: GÜMÜŞHANE | D137: =L137 -> MERKEZ / GÜMÜŞHANE | E137: 84.4 | F137: 2135.7 | G137: 0 | H137: 0 | I137: 2220.1 | J137: 222.01 | K137: =VLOOKUP(D137,Excel6!A:H,8,0) -> 222.01 | L137: =CONCATENATE(B137& " / " &C137) -> MERKEZ / GÜMÜŞHANE | M137: =J137-K137 -> 0
A138: 137 | B138: KELKİT | C138: GÜMÜŞHANE | D138: =L138 -> KELKİT / GÜMÜŞHANE | E138: 188.9 | F138: 1124.5 | G138: 0 | H138: 0 | I138: 1313.4 | J138: 131.34 | K138: =VLOOKUP(D138,Excel6!A:H,8,0) -> 131.34 | L138: =CONCATENATE(B138& " / " &C138) -> KELKİT / GÜMÜŞHANE | M138: =J138-K138 -> 0
A139: 138 | B139: HATAY BÜYÜKŞEHİR | C139: HATAY | D139: =L139 -> HATAY BÜYÜKŞEHİR / HATAY | E139: 74526.7 | F139: 106294.64 | G139: 2676 | H139: 7947.1 | I139: 170198.24 | J139: 17019.82 | K139: =VLOOKUP(D139,Excel6!A:H,8,0) -> 17019.82 | L139: =CONCATENATE(B139& " / " &C139) -> HATAY BÜYÜKŞEHİR / HATAY | M139: =J139-K139 -> 0
A140: 139 | B140: MERKEZ | C140: IĞDIR | D140: =L140 -> MERKEZ / IĞDIR | E140: 1789.8 | F140: 8631.1 | G140: 25 | H140: 326.7 | I140: 10069.2 | J140: 1006.92 | K140: =VLOOKUP(D140,Excel6!A:H,8,0) -> 1006.92 | L140: =CONCATENATE(B140& " / " &C140) -> MERKEZ / IĞDIR | M140: =J140-K140 -> 0
A141: 140 | B141: MERKEZ | C141: ISPARTA | D141: =L141 -> MERKEZ / ISPARTA | E141: 10749.2 | F141: 18393.4 | G141: 700.2 | H141: 5435.6 | I141: 23006.8 | J141: 2300.68 | K141: =VLOOKUP(D141,Excel6!A:H,8,0) -> 2300.68 | L141: =CONCATENATE(B141& " / " &C141) -> MERKEZ / ISPARTA | M141: =J141-K141 -> 0
A142: 141 | B142: YALVAÇ | C142: ISPARTA | D142: =L142 -> YALVAÇ / ISPARTA | E142: 6085.1 | F142: 6658.4 | G142: 0 | H142: 0 | I142: 12743.5 | J142: 1274.35 | K142: =VLOOKUP(D142,Excel6!A:H,8,0) -> 1274.35 | L142: =CONCATENATE(B142& " / " &C142) -> YALVAÇ / ISPARTA | M142: =J142-K142 -> 0
A143: 142 | B143: ATABEY | C143: ISPARTA | D143: =L143 -> ATABEY / ISPARTA | E143: 1300.7 | F143: 1347 | G143: 0 | H143: 0 | I143: 2647.7 | J143: 264.77 | K143: =VLOOKUP(D143,Excel6!A:H,8,0) -> 264.77 | L143: =CONCATENATE(B143& " / " &C143) -> ATABEY / ISPARTA | M143: =J143-K143 -> 0
A144: 143 | B144: KEÇİBORLU | C144: ISPARTA | D144: =L144 -> KEÇİBORLU / ISPARTA | E144: 971.6 | F144: 1522.3 | G144: 0 | H144: 0 | I144: 2493.9 | J144: 249.39 | K144: =VLOOKUP(D144,Excel6!A:H,8,0) -> 249.39 | L144: =CONCATENATE(B144& " / " &C144) -> KEÇİBORLU / ISPARTA | M144: =J144-K144 -> 0
A145: 144 | B145: GÖNEN | C145: ISPARTA | D145: =L145 -> GÖNEN / ISPARTA | E145: 539.5 | F145: 1008.2 | G145: 32.1 | H145: 51.7 | I145: 1463.9 | J145: 146.39 | K145: =VLOOKUP(D145,Excel6!A:H,8,0) -> 146.39 | L145: =CONCATENATE(B145& " / " &C145) -> GÖNEN / ISPARTA | M145: =J145-K145 -> 0
A146: 145 | B146: ŞARKİKARAAĞAÇ | C146: ISPARTA | D146: =L146 -> ŞARKİKARAAĞAÇ / ISPARTA | E146: 740.5 | F146: 675.9 | G146: 0 | H146: 0 | I146: 1416.4 | J146: 141.64 | K146: =VLOOKUP(D146,Excel6!A:H,8,0) -> 141.64 | L146: =CONCATENATE(B146& " / " &C146) -> ŞARKİKARAAĞAÇ / ISPARTA | M146: =J146-K146 -> 0
A147: 146 | B147: EĞİRDİR | C147: ISPARTA | D147: =L147 -> EĞİRDİR / ISPARTA | E147: 285.2 | F147: 205.7 | G147: 0 | H147: 0 | I147: 490.9 | J147: 49.09 | K147: =VLOOKUP(D147,Excel6!A:H,8,0) -> 49.09 | L147: =CONCATENATE(B147& " / " &C147) -> EĞİRDİR / ISPARTA | M147: =J147-K147 -> 0
... A158: 157 | B158: ERMENEK | C158: KARAMAN | D158: =L158 -> ERMENEK / KARAMAN | E158: 254.7 | F158: 23.2 | G158: 0 | H158: 0 | I158: 277.9 | J158: 27.79 | K158: =VLOOKUP(D158,Excel6!A:H,8,0) -> 27.79 | L158: =CONCATENATE(B158& " / " &C158) -> ERMENEK / KARAMAN | M158: =J158-K158 -> 0
A159: 158 | B159: SARIVELİLER | C159: KARAMAN | D159: =L159 -> SARIVELİLER / KARAMAN | E159: 207.1 | G159: 0 | I159: 207.1 | J159: 20.71 | K159: =VLOOKUP(D159,Excel6!A:H,8,0) -> 20.71 | L159: =CONCATENATE(B159& " / " &C159) -> SARIVELİLER / KARAMAN | M159: =J159-K159 -> 0
A160: 159 | B160: MERKEZ | C160: KARS | D160: =L160 -> MERKEZ / KARS | E160: 5810.6 | F160: 4149 | G160: 1366.5 | H160: 918.9 | I160: 7674.2 | J160: 767.42 | K160: =VLOOKUP(D160,Excel6!A:H,8,0) -> 767.42 | L160: =CONCATENATE(B160& " / " &C160) -> MERKEZ / KARS | M160: =J160-K160 -> 0
A161: 160 | B161: MERKEZ | C161: KASTAMONU | D161: =L161 -> MERKEZ / KASTAMONU | E161: 23299.95 | F161: 63756.07 | G161: 93.8 | H161: 402.8 | I161: 86559.42 | J161: 8655.95 | K161: =VLOOKUP(D161,Excel6!A:H,8,0) -> 8655.95 | L161: =CONCATENATE(B161& " / " &C161) -> MERKEZ / KASTAMONU | M161: =J161-K161 -> 0
A162: 161 | B162: ŞENPAZAR | C162: KASTAMONU | D162: =L162 -> ŞENPAZAR / KASTAMONU | E162: 3330.8 | F162: 3426.5 | G162: 0 | H162: 0 | I162: 6757.3 | J162: 675.73 | K162: =VLOOKUP(D162,Excel6!A:H,8,0) -> 675.73 | L162: =CONCATENATE(B162& " / " &C162) -> ŞENPAZAR / KASTAMONU | M162: =J162-K162 -> 0
A163: 162 | B163: ARAÇ | C163: KASTAMONU | D163: =L163 -> ARAÇ / KASTAMONU | E163: 4545.6 | F163: 280.3 | G163: 0 | H163: 0 | I163: 4825.9 | J163: 482.59 | K163: =VLOOKUP(D163,Excel6!A:H,8,0) -> 482.59 | L163: =CONCATENATE(B163& " / " &C163) -> ARAÇ / KASTAMONU | M163: =J163-K163 -> 0
A164: 163 | B164: BOZKURT | C164: KASTAMONU | D164: =L164 -> BOZKURT / KASTAMONU | E164: 302.5 | F164: 1668.2 | G164: 0 | H164: 0 | I164: 1970.7 | J164: 197.07 | K164: =VLOOKUP(D164,Excel6!A:H,8,0) -> 197.07 | L164: =CONCATENATE(B164& " / " &C164) -> BOZKURT / KASTAMONU | M164: =J164-K164 -> 0
A165: 164 | B165: TOSYA | C165: KASTAMONU | D165: =L165 -> TOSYA / KASTAMONU | E165: 625 | F165: 919.6 | G165: 0 | H165: 0 | I165: 1544.6 | J165: 154.46 | K165: =VLOOKUP(D165,Excel6!A:H,8,0) -> 154.46 | L165: =CONCATENATE(B165& " / " &C165) -> TOSYA / KASTAMONU | M165: =J165-K165 -> 0
A166: 165 | B166: DEVREKANİ | C166: KASTAMONU | D166: =L166 -> DEVREKANİ / KASTAMONU | E166: 93.6 | F166: 402.8 | G166: 0 | H166: 0 | I166: 496.4 | J166: 49.64 | K166: =VLOOKUP(D166,Excel6!A:H,8,0) -> 49.64 | L166: =CONCATENATE(B166& " / " &C166) -> DEVREKANİ / KASTAMONU | M166: =J166-K166 -> 0
A167: 166 | B167: TAŞKÖPRÜ | C167: KASTAMONU | D167: =L167 -> TAŞKÖPRÜ / KASTAMONU | E167: 45 | F167: 402.8 | G167: 0 | H167: 0 | I167: 447.8 | J167: 44.78 | K167: =VLOOKUP(D167,Excel6!A:H,8,0) -> 44.78 | L167: =CONCATENATE(B167& " / " &C167) -> TAŞKÖPRÜ / KASTAMONU | M167: =J167-K167 -> 0
A168: 167 | B168: AZDAVAY | C168: KASTAMONU | D168: =L168 -> AZDAVAY / KASTAMONU | E168: 234.8 | F168: 106.9 | G168: 0 | H168: 0 | I168: 341.7 | J168: 34.17 | K168: =VLOOKUP(D168,Excel6!A:H,8,0) -> 34.17 | L168: =CONCATENATE(B168& " / " &C168) -> AZDAVAY / KASTAMONU | M168: =J168-K168 -> 0
A169: 168 | B169: KÜRE | C169: KASTAMONU | D169: =L169 -> KÜRE / KASTAMONU | E169: 136.2 | F169: 89.5 | G169: 0 | H169: 0 | I169: 225.7 | J169: 22.57 | K169: =VLOOKUP(D169,Excel6!A:H,8,0) -> 22.57 | L169: =CONCATENATE(B169& " / " &C169) -> KÜRE / KASTAMONU | M169: =J169-K169 -> 0
A170: 169 | B170: ABANA | C170: KASTAMONU | D170: =L170 -> ABANA / KASTAMONU | E170: 137.5 | F170: 29.4 | G170: 0 | H170: 0 | I170: 166.9 | J170: 16.69 | K170: =VLOOKUP(D170,Excel6!A:H,8,0) -> 16.69 | L170: =CONCATENATE(B170& " / " &C170) -> ABANA / KASTAMONU | M170: =J170-K170 -> 0
A171: 170 | B171: İNEBOLU | C171: KASTAMONU | D171: =L171 -> İNEBOLU / KASTAMONU | E171: 113.3 | F171: 36.4 | G171: 38.5 | H171: 0 | I171: 111.2 | J171: 11.12 | K171: =VLOOKUP(D171,Excel6!A:H,8,0) -> 11.12 | L171: =CONCATENATE(B171& " / " &C171) -> İNEBOLU / KASTAMONU | M171: =J171-K171 -> 0
A172: 171 | B172: CİDE | C172: KASTAMONU | D172: =L172 -> CİDE / KASTAMONU | E172: 105.1 | G172: 0 | I172: 105.1 | J172: 10.51 | K172: =VLOOKUP(D172,Excel6!A:H,8,0) -> 10.51 | L172: =CONCATENATE(B172& " / " &C172) -> CİDE / KASTAMONU | M172: =J172-K172 -> 0
...

Sheet Excel3
A1: BELEDIYE | B1: Il | C1: İlçe/İl | D1: ÜRETİM.BİNA | E1: ÜRT.MUHT. | F1: İPTAL.BİNA | G1: İPTAL.MUHT. | H1: NET PRİM | I1: YSV | J1: xx
A2: ADANA BÜYÜKŞEHİR | B2: ADANA | C2: ADANA BÜYÜKŞEHİR/ADANA | D2: 174202.41 | E2: 154813.22 | F2: 10663.7 | G2: 13590.9 | H2: 304761.03 | I2: 30476.1 | M2: =D2+E2-F2-G2 -> 304761.03 | N2: =H2-M2 -> 0 | O2: =M2*0.1 -> 30476.103 | P2: =I2-O2 -> -0.003
A3: MERKEZ | B3: ADIYAMAN | C3: MERKEZ/ADIYAMAN | D3: 12248.3 | E3: 15964.6 | F3: 802.4 | G3: 1371.1 | H3: 26039.4 | I3: 2603.94 | M3: =D3+E3-F3-G3 -> 26039.4 | N3: =H3-M3 -> 0 | O3: =M3*0.1 -> 2603.94 | P3: =I3-O3 -> 0
A4: KAHTA | B4: ADIYAMAN | C4: KAHTA/ADIYAMAN | D4: 1905.1 | E4: 3151.8 | F4: 0 | G4: 0 | H4: 5056.9 | I4: 505.69 | M4: =D4+E4-F4-G4 -> 5056.9 | N4: =H4-M4 -> 0 | O4: =M4*0.1 -> 505.69 | P4: =I4-O4 -> 0
A5: BESNİ | B5: ADIYAMAN | C5: BESNİ/ADIYAMAN | D5: 261.1 | E5: 449.6 | F5: 0 | G5: 0 | H5: 710.7 | I5: 71.07 | M5: =D5+E5-F5-G5 -> 710.7 | N5: =H5-M5 -> 0 | O5: =M5*0.1 -> 71.07 | P5: =I5-O5 -> 0
A6: ÇELİKHAN | B6: ADIYAMAN | C6: ÇELİKHAN/ADIYAMAN | D6: 307.4 | E6: 118 | F6: 0 | G6: 0 | H6: 425.4 | I6: 42.54 | M6: =D6+E6-F6-G6 -> 425.4 | N6: =H6-M6 -> 0 | O6: =M6*0.1 -> 42.54 | P6: =I6-O6 -> 0
A7: GÖLBAŞI | B7: ADIYAMAN | C7: GÖLBAŞI/ADIYAMAN | D7: 88.6 | E7: 134.3 | F7: 0 | G7: 0 | H7: 222.9 | I7: 22.29 | M7: =D7+E7-F7-G7 -> 222.9 | N7: =H7-M7 -> 0 | O7: =M7*0.1 -> 22.29 | P7: =I7-O7 -> 0
A8: MERKEZ | B8: AFYONKARAHİSAR | C8: MERKEZ/AFYONKARAHİSAR | D8: 30076.5 | E8: 55308.7 | F8: 344 | G8: 282.9 | H8: 84758.3 | I8: 8475.83 | M8: =D8+E8-F8-G8 -> 84758.3 | N8: =H8-M8 -> 0 | O8: =M8*0.1 -> 8475.83 | P8: =I8-O8 -> 0
A9: ÇAY | B9: AFYONKARAHİSAR | C9: ÇAY/AFYONKARAHİSAR | D9: 51763.5 | F9: 0 | H9: 51763.5 | I9: 5176.35 | M9: =D9+E9-F9-G9 -> 51763.5 | N9: =H9-M9 -> 0 | O9: =M9*0.1 -> 5176.35 | P9: =I9-O9 -> 0
A10: ŞUHUT | B10: AFYONKARAHİSAR | C10: ŞUHUT/AFYONKARAHİSAR | D10: 4257 | E10: 1005.5 | F10: 0 | G10: 0 | H10: 5262.5 | I10: 526.25 | M10: =D10+E10-F10-G10 -> 5262.5 | N10: =H10-M10 -> 0 | O10: =M10*0.1 -> 526.25 | P10: =I10-O10 -> 0
A11: İSCEHİSAR | B11: AFYONKARAHİSAR | C11: İSCEHİSAR/AFYONKARAHİSAR | D11: 2151.9 | E11: 199.1 | F11: 0 | G11: 0 | H11: 2351 | I11: 235.1 | M11: =D11+E11-F11-G11 -> 2351 | N11: =H11-M11 -> 0 | O11: =M11*0.1 -> 235.1 | P11: =I11-O11 -> 0
A12: DİNAR | B12: AFYONKARAHİSAR | C12: DİNAR/AFYONKARAHİSAR | D12: 890.4 | E12: 1468.4 | F12: 21.7 | G12: 12.1 | H12: 2325 | I12: 232.5 | M12: =D12+E12-F12-G12 -> 2325 | N12: =H12-M12 -> 0 | O12: =M12*0.1 -> 232.5 | P12: =I12-O12 -> 0
A13: DAZKIRI | B13: AFYONKARAHİSAR | C13: DAZKIRI/AFYONKARAHİSAR | D13: 0.2 | E13: 2049.3 | F13: 0 | G13: 0 | H13: 2049.5 | I13: 204.95 | M13: =D13+E13-F13-G13 -> 2049.5 | N13: =H13-M13 -> 0 | O13: =M13*0.1 -> 204.95 | P13: =I13-O13 -> 0
A14: İHSANİYE | B14: AFYONKARAHİSAR | C14: İHSANİYE/AFYONKARAHİSAR | D14: 0.1 | E14: 1335.8 | F14: 0 | G14: 0 | H14: 1335.9 | I14: 133.59 | M14: =D14+E14-F14-G14 -> 1335.9 | N14: =H14-M14 -> 0 | O14: =M14*0.1 -> 133.59 | P14: =I14-O14 -> 0
A15: SULTANDAĞI | B15: AFYONKARAHİSAR | C15: SULTANDAĞI/AFYONKARAHİSAR | D15: 688.6 | E15: 478.1 | F15: 0 | G15: 0 | H15: 1166.7 | I15: 116.67 | M15: =D15+E15-F15-G15 -> 1166.7 | N15: =H15-M15 -> 0 | O15: =M15*0.1 -> 116.67 | P15: =I15-O15 -> 0
A16: EMİRDAĞ | B16: AFYONKARAHİSAR | C16: EMİRDAĞ/AFYONKARAHİSAR | D16: 909.3 | E16: 256.5 | F16: 23.3 | G16: 0 | H16: 1142.5 | I16: 114.25 | M16: =D16+E16-F16-G16 -> 1142.5 | N16: =H16-M16 -> 0 | O16: =M16*0.1 -> 114.25 | P16: =I16-O16 -> 0
A17: SİNANPAŞA | B17: AFYONKARAHİSAR | C17: SİNANPAŞA /AFYONKARAHİSAR | D17: 188.1 | E17: 793.7 | F17: 0 | G17: 0 | H17: 981.8 | I17: 98.18 | M17: =D17+E17-F17-G17 -> 981.8 | N17: =H17-M17 -> 0 | O17: =M17*0.1 -> 98.18 | P17: =I17-O17 -> 0
A18: SANDIKLI | B18: AFYONKARAHİSAR | C18: SANDIKLI/AFYONKARAHİSAR | D18: 207.2 | E18: 569.4 | F18: 0 | G18: 0 | H18: 776.6 | I18: 77.66 | M18: =D18+E18-F18-G18 -> 776.6 | N18: =H18-M18 -> 0 | O18: =M18*0.1 -> 77.66 | P18: =I18-O18 -> 0
A19: BOLVADİN | B19: AFYONKARAHİSAR | C19: BOLVADİN/AFYONKARAHİSAR | D19: 258.4 | E19: 411 | F19: 0 | G19: 0 | H19: 669.4 | I19: 66.94 | M19: =D19+E19-F19-G19 -> 669.4 | N19: =H19-M19 -> 0 | O19: =M19*0.1 -> 66.94 | P19: =I19-O19 -> 0
A20: SİNANPAŞA | B20: AFYONKARAHİSAR | C20: SİNANPAŞA/AFYONKARAHİSAR | D20: 299.8 | E20: 281.8 | F20: 0 | G20: 0 | H20: 581.6 | I20: 58.16 | M20: =D20+E20-F20-G20 -> 581.6 | N20: =H20-M20 -> 0 | O20: =M20*0.1 -> 58.16 | P20: =I20-O20 -> 0
A21: HOCALAR | B21: AFYONKARAHİSAR | C21: HOCALAR/AFYONKARAHİSAR | D21: 246.6 | E21: 129.8 | F21: 4.2 | G21: 57.2 | H21: 315 | I21: 31.5 | M21: =D21+E21-F21-G21 -> 315 | N21: =H21-M21 -> 0 | O21: =M21*0.1 -> 31.5 | P21: =I21-O21 -> 0
... A26: SULTANHANI | B26: AKSARAY | C26: SULTANHANI/AKSARAY | D26: 15822.4 | E26: 10439.7 | F26: 7826.9 | G26: 6006.3 | H26: 12428.9 | I26: 1242.89 | M26: =D26+E26-F26-G26 -> 12428.9 | N26: =H26-M26 -> 0 | O26: =M26*0.1 -> 1242.89 | P26: =I26-O26 -> 0
A27: AĞAÇÖREN | B27: AKSARAY | C27: AĞAÇÖREN/AKSARAY | E27: 4362.3 | G27: 0 | H27: 4362.3 | I27: 436.23 | M27: =D27+E27-F27-G27 -> 4362.3 | N27: =H27-M27 -> 0 | O27: =M27*0.1 -> 436.23 | P27: =I27-O27 -> 0
A28: ESKİL | B28: AKSARAY | C28: ESKİL/AKSARAY | D28: 551 | E28: 2947.3 | F28: 110.2 | G28: 587.1 | H28: 2801 | I28: 280.1 | M28: =D28+E28-F28-G28 -> 2801 | N28: =H28-M28 -> 0 | O28: =M28*0.1 -> 280.1 | P28: =I28-O28 -> 0
A29: ORTAKÖY | B29: AKSARAY | C29: ORTAKÖY/AKSARAY | D29: 310.4 | E29: 401.2 | F29: 0 | G29: 0 | H29: 711.6 | I29: 71.16 | M29: =D29+E29-F29-G29 -> 711.6 | N29: =H29-M29 -> 0 | O29: =M29*0.1 -> 71.16 | P29: =I29-O29 -> 0
A30: GÜZELYURT | B30: AKSARAY | C30: GÜZELYURT/AKSARAY | D30: 85.8 | E30: 51.9 | F30: 0.1 | G30: 0 | H30: 137.6 | I30: 13.76 | M30: =D30+E30-F30-G30 -> 137.6 | N30: =H30-M30 -> 0 | O30: =M30*0.1 -> 13.76 | P30: =I30-O30 -> 0
A31: MERKEZ | B31: AMASYA | C31: MERKEZ/AMASYA | D31: 18996.4 | E31: 45496 | F31: 173.7 | G31: 602.3 | H31: 63716.4 | I31: 6371.64 | M31: =D31+E31-F31-G31 -> 63716.4 | N31: =H31-M31 -> 0 | O31: =M31*0.1 -> 6371.64 | P31: =I31-O31 -> 0
A32: MERZİFON | B32: AMASYA | C32: MERZİFON/AMASYA | D32: 5248.4 | E32: 2442.3 | F32: 45 | G32: 402.8 | H32: 7242.9 | I32: 724.29 | M32: =D32+E32-F32-G32 -> 7242.9 | N32: =H32-M32 -> 0 | O32: =M32*0.1 -> 724.29 | P32: =I32-O32 -> 0
A33: GÜMÜŞHACIKÖY | B33: AMASYA | C33: GÜMÜŞHACIKÖY/AMASYA | D33: 377.1 | E33: 313.3 | F33: 0 | G33: 0 | H33: 690.4 | I33: 69.04 | M33: =D33+E33-F33-G33 -> 690.4 | N33: =H33-M33 -> 0 | O33: =M33*0.1 -> 69.04 | P33: =I33-O33 -> 0
A34: GÖYNÜCEK | B34: AMASYA | C34: GÖYNÜCEK/AMASYA | D34: 5.4 | E34: 103.3 | F34: 0 | G34: 0 | H34: 108.7 | I34: 10.87 | M34: =D34+E34-F34-G34 -> 108.7 | N34: =H34-M34 -> 0 | O34: =M34*0.1 -> 10.87 | P34: =I34-O34 -> 0
A35: TAŞOVA | B35: AMASYA | C35: TAŞOVA/AMASYA | D35: 5.4 | E35: 103.3 | F35: 0 | G35: 0 | H35: 108.7 | I35: 10.87 | M35: =D35+E35-F35-G35 -> 108.7 | N35: =H35-M35 -> 0 | O35: =M35*0.1 -> 10.87 | P35: =I35-O35 -> 0
A36: SULUOVA | B36: AMASYA | C36: SULUOVA/AMASYA | D36: 207 | F36: 126.4 | H36: 80.6 | I36: 8.06 | M36: =D36+E36-F36-G36 -> 80.6 | N36: =H36-M36 -> 0 | O36: =M36*0.1 -> 8.06 | P36: =I36-O36 -> 0
A37: ANKARA BÜYÜKŞEHİR | B37: ANKARA | C37: ANKARA BÜYÜKŞEHİR/ANKARA | D37: 1011237.3 | E37: 1497153.8 | F37: 51577.41 | G37: 107930.46 | H37: 2348883.2 | I37: 234888.37 | M37: =D37+E37-F37-G37 -> 2348883.2 | N37: =H37-M37 -> 0 | O37: =M37*0.1 -> 234888.32 | P37: =I37-O37 -> 0.048
A38: ANTALYA BÜYÜKŞEHİR | B38: ANTALYA | C38: ANTALYA BÜYÜKŞEHİR/ANTALYA | D38: 656158.68 | E38: 1043094.9 | F38: 66212.22 | G38: 73315.48 | H38: 1559725.9 | I38: 155972.61 | M38: =D38+E38-F38-G38 -> 1559725.9 | N38: =H38-M38 -> 0 | O38: =M38*0.1 -> 155972.59 | P38: =I38-O38 -> 0.017
A39: MERKEZ | B39: ARDAHAN | C39: MERKEZ/ARDAHAN | D39: 4355 | E39: 2429.3 | F39: 1738.6 | G39: 28.3 | H39: 5017.4 | I39: 501.74 | M39: =D39+E39-F39-G39 -> 5017.4 | N39: =H39-M39 -> 0 | O39: =M39*0.1 -> 501.74 | P39: =I39-O39 -> 0
A40: GÖLE | B40: ARDAHAN | C40: GÖLE/ARDAHAN | D40: 1702.7 | E40: 502.7 | F40: 0 | G40: 0 | H40: 2205.4 | I40: 220.54 | M40: =D40+E40-F40-G40 -> 2205.4 | N40: =H40-M40 -> 0 | O40: =M40*0.1 -> 220.54 | P40: =I40-O40 -> 0
A41: HANAK | B41: ARDAHAN | C41: HANAK/ARDAHAN | D41: 455.8 | E41: 45.8 | F41: 0 | G41: 0 | H41: 501.6 | I41: 50.16 | M41: =D41+E41-F41-G41 -> 501.6 | N41: =H41-M41 -> 0 | O41: =M41*0.1 -> 50.16 | P41: =I41-O41 -> 0
A42: POSOF | B42: ARDAHAN | C42: POSOF/ARDAHAN | D42: 4.6 | E42: 478.5 | F42: 0 | G42: 0 | H42: 483.1 | I42: 48.31 | M42: =D42+E42-F42-G42 -> 483.1 | N42: =H42-M42 -> 0 | O42: =M42*0.1 -> 48.31 | P42: =I42-O42 -> 0
A43: DAMAL | B43: ARDAHAN | C43: DAMAL/ARDAHAN | D43: 288.7 | E43: 186.4 | F43: 0 | G43: 0 | H43: 475.1 | I43: 47.51 | M43: =D43+E43-F43-G43 -> 475.1 | N43: =H43-M43 -> 0 | O43: =M43*0.1 -> 47.51 | P43: =I43-O43 -> 0
A44: HOPA | B44: ARTVİN | C44: HOPA/ARTVİN | D44: 2585.7 | E44: 1052.9 | F44: 998.5 | G44: 0 | H44: 2640.1 | I44: 264.01 | M44: =D44+E44-F44-G44 -> 2640.1 | N44: =H44-M44 -> 0 | O44: =M44*0.1 -> 264.01 | P44: =I44-O44 -> 0
A45: MERKEZ | B45: ARTVİN | C45: MERKEZ/ARTVİN | D45: 1202.2 | E45: 2736.7 | F45: 714.6 | G45: 2192.6 | H45: 1031.7 | I45: 103.17 | M45: =D45+E45-F45-G45 -> 1031.7 | N45: =H45-M45 -> 0 | O45: =M45*0.1 -> 103.17 | P45: =I45-O45 -> 0
A46: YUSUFELİ | B46: ARTVİN | C46: YUSUFELİ/ARTVİN | D46: 507.2 | E46: 240.3 | F46: 0 | G46: 0 | H46: 747.5 | I46: 74.75 | M46: =D46+E46-F46-G46 -> 747.5 | N46: =H46-M46 -> 0 | O46: =M46*0.1 -> 74.75 | P46: =I46-O46 -> 0
A47: ARHAVİ | B47: ARTVİN | C47: ARHAVİ/ARTVİN | D47: 178.6 | E47: 433.3 | F47: 0 | G47: 0 | H47: 611.9 | I47: 61.19 | M47: =D47+E47-F47-G47 -> 611.9 | N47: =H47-M47 -> 0 | O47: =M47*0.1 -> 61.19 | P47: =I47-O47 -> 0
A48: AYDIN BÜYÜKŞEHİR | B48: AYDIN | C48: AYDIN BÜYÜKŞEHİR/AYDIN | D48: 99432.1 | E48: 122188.51 | F48: 11764.01 | G48: 16220.01 | H48: 193636.59 | I48: 19363.68 | M48: =D48+E48-F48-G48 -> 193636.59 | N48: =H48-M48 -> 0 | O48: =M48*0.1 -> 19363.659 | P48: =I48-O48 -> 0.021
... A63: MERKEZ | B63: BİNGÖL | C63: MERKEZ/BİNGÖL | D63: 15455.5 | E63: 5983.9 | F63: 5522.1 | G63: 1636.1 | H63: 14281.2 | I63: 1428.12 | M63: =D63+E63-F63-G63 -> 14281.2 | N63: =H63-M63 -> 0 | O63: =M63*0.1 -> 1428.12 | P63: =I63-O63 -> 0
A64: KARLIOVA | B64: BİNGÖL | C64: KARLIOVA/BİNGÖL | D64: 917.5 | F64: 0 | H64: 917.5 | I64: 91.75 | M64: =D64+E64-F64-G64 -> 917.5 | N64: =H64-M64 -> 0 | O64: =M64*0.1 -> 91.75 | P64: =I64-O64 -> 0
A65: MERKEZ | B65: BİTLİS | C65: MERKEZ/BİTLİS | D65: 1315.9 | E65: 13052.2 | F65: 439.2 | G65: 8164.9 | H65: 5764 | I65: 576.4 | M65: =D65+E65-F65-G65 -> 5764 | N65: =H65-M65 -> 0 | O65: =M65*0.1 -> 576.4 | P65: =I65-O65 -> 0
A66: TATVAN | B66: BİTLİS | C66: TATVAN/BİTLİS | D66: 902.6 | E66: 249.7 | F66: 317.6 | G66: 196 | H66: 638.7 | I66: 63.87 | M66: =D66+E66-F66-G66 -> 638.7 | N66: =H66-M66 -> 0 | O66: =M66*0.1 -> 63.87 | P66: =I66-O66 -> 0
A67: AHLAT | B67: BİTLİS | C67: AHLAT/BİTLİS | D67: 273.5 | E67: 247.8 | F67: 0 | G67: 0 | H67: 521.3 | I67: 52.13 | M67: =D67+E67-F67-G67 -> 521.3 | N67: =H67-M67 -> 0 | O67: =M67*0.1 -> 52.13 | P67: =I67-O67 -> 0
A68: MERKEZ | B68: BOLU | C68: MERKEZ/BOLU | D68: 51898.36 | E68: 69887.79 | F68: 590.6 | G68: 697.1 | H68: 120498.45 | I68: 12049.82 | M68: =D68+E68-F68-G68 -> 120498.45 | N68: =H68-M68 -> 0 | O68: =M68*0.1 -> 12049.845 | P68: =I68-O68 -> -0.025
A69: GEREDE | B69: BOLU | C69: GEREDE/BOLU | D69: 166.6 | E69: 3.4 | F69: 0 | G69: 0 | H69: 170 | I69: 17 | M69: =D69+E69-F69-G69 -> 170 | N69: =H69-M69 -> 0 | O69: =M69*0.1 -> 17 | P69: =I69-O69 -> 0
A70: GÖYNÜK | B70: BOLU | C70: GÖYNÜK/BOLU | D70: 5.4 | E70: 103.3 | F70: 0 | G70: 0 | H70: 108.7 | I70: 10.87 | M70: =D70+E70-F70-G70 -> 108.7 | N70: =H70-M70 -> 0 | O70: =M70*0.1 -> 10.87 | P70: =I70-O70 -> 0
A71: YENİÇAĞA | B71: BOLU | C71: YENİÇAĞA/BOLU | D71: 5.4 | E71: 103.3 | F71: 0 | G71: 0 | H71: 108.7 | I71: 10.87 | M71: =D71+E71-F71-G71 -> 108.7 | N71: =H71-M71 -> 0 | O71: =M71*0.1 -> 10.87 | P71: =I71-O71 -> 0
A72: MERKEZ | B72: BURDUR | C72: MERKEZ/BURDUR | D72: 5204.7 | E72: 10965.5 | F72: 169.6 | G72: 865 | H72: 15135.6 | I72: 1513.56 | M72: =D72+E72-F72-G72 -> 15135.6 | N72: =H72-M72 -> 0 | O72: =M72*0.1 -> 1513.56 | P72: =I72-O72 -> 0
A73: ÇAVDIR | B73: BURDUR | C73: ÇAVDIR/BURDUR | D73: 738.3 | E73: 549.7 | F73: 0 | G73: 0 | H73: 1288 | I73: 128.8 | M73: =D73+E73-F73-G73 -> 1288 | N73: =H73-M73 -> 0 | O73: =M73*0.1 -> 128.8 | P73: =I73-O73 -> 0
A74: GÖLHİSAR | B74: BURDUR | C74: GÖLHİSAR/BURDUR | D74: 3.3 | E74: 121.3 | F74: 0 | G74: 0 | H74: 124.6 | I74: 12.46 | M74: =D74+E74-F74-G74 -> 124.6 | N74: =H74-M74 -> 0 | O74: =M74*0.1 -> 12.46 | P74: =I74-O74 -> 0
A75: KARAMANLI | B75: BURDUR | C75: KARAMANLI/BURDUR | D75: 0.5 | E75: 76.4 | F75: 0 | G75: 0 | H75: 76.9 | I75: 7.69 | M75: =D75+E75-F75-G75 -> 76.9 | N75: =H75-M75 -> 0 | O75: =M75*0.1 -> 7.69 | P75: =I75-O75 -> 0
A76: BURSA BÜYÜKŞEHİR | B76: BURSA | C76: BURSA BÜYÜKŞEHİR/BURSA | D76: 429731.52 | E76: 844865.64 | F76: 114887.64 | G76: 127353.21 | H76: 1032356.3 | I76: 103235.7 | M76: =D76+E76-F76-G76 -> 1032356.3 | N76: =H76-M76 -> 0 | O76: =M76*0.1 -> 103235.63 | P76: =I76-O76 -> 0.069
... A121: MERKEZ | B121: ERZİNCAN | C121: MERKEZ/ERZİNCAN | D121: 7797.5 | E121: 4826.7 | F121: 3380 | G121: 237 | H121: 9007.2 | I121: 900.72 | M121: =D121+E121-F121-G121 -> 9007.2 | N121: =H121-M121 -> 0 | O121: =M121*0.1 -> 900.72 | P121: =I121-O121 -> 0
A122: İLİÇ | B122: ERZİNCAN | C122: İLİÇ/ERZİNCAN | E122: 2031.1 | G122: 0 | H122: 2031.1 | I122: 203.11 | M122: =D122+E122-F122-G122 -> 2031.1 | N122: =H122-M122 -> 0 | O122: =M122*0.1 -> 203.11 | P122: =I122-O122 -> 0
A123: KEMAH | B123: ERZİNCAN | C123: KEMAH/ERZİNCAN | D123: 111.1 | E123: 565.9 | F123: 0 | G123: 0 | H123: 677 | I123: 67.7 | M123: =D123+E123-F123-G123 -> 677 | N123: =H123-M123 -> 0 | O123: =M123*0.1 -> 67.7 | P123: =I123-O123 -> 0
A124: TERCAN | B124: ERZİNCAN | C124: TERCAN/ERZİNCAN | D124: 328.5 | E124: 229.1 | F124: 0 | G124: 0 | H124: 557.6 | I124: 55.76 | M124: =D124+E124-F124-G124 -> 557.6 | N124: =H124-M124 -> 0 | O124: =M124*0.1 -> 55.76 | P124: =I124-O124 -> 0
A125: KEMALİYE | B125: ERZİNCAN | C125: KEMALİYE/ERZİNCAN | D125: 286.8 | E125: 97.7 | F125: 0 | G125: 0 | H125: 384.5 | I125: 38.45 | M125: =D125+E125-F125-G125 -> 384.5 | N125: =H125-M125 -> 0 | O125: =M125*0.1 -> 38.45 | P125: =I125-O125 -> 0
A126: ERZURUM BÜYÜKŞEHİR | B126: ERZURUM | C126: ERZURUM BÜYÜKŞEHİR/ERZURUM | D126: 117921.4 | E126: 1301826.8 | F126: 705.6 | G126: 1949.2 | H126: 1417093.4 | I126: 141709.34 | M126: =D126+E126-F126-G126 -> 1417093.4 | N126: =H126-M126 -> 0 | O126: =M126*0.1 -> 141709.34 | P126: =I126-O126 -> 0
A127: ESKİŞEHİR BÜYÜKŞEHİR | B127: ESKİŞEHİR | C127: ESKİŞEHİR BÜYÜKŞEHİR/ESKİŞEHİR | D127: 45046.13 | E127: 108566.84 | F127: 2075.3 | G127: 3319.3 | H127: 148218.37 | I127: 14821.83 | M127: =D127+E127-F127-G127 -> 148218.37 | N127: =H127-M127 -> 0 | O127: =M127*0.1 -> 14821.837 | P127: =I127-O127 -> -0.007
A128: GAZİANTEP BÜYÜKŞEHİR | B128: GAZİANTEP | C128: GAZİANTEP BÜYÜKŞEHİR/GAZİANTEP | D128: 102994.87 | E128: 177831.94 | F128: 8092.3 | G128: 49116.8 | H128: 223617.71 | I128: 22361.76 | M128: =D128+E128-F128-G128 -> 223617.71 | N128: =H128-M128 -> 0 | O128: =M128*0.1 -> 22361.771 | P128: =I128-O128 -> -0.011
A129: KEŞAP | B129: GİRESUN | C129: KEŞAP/GİRESUN | D129: 37455.4 | E129: 46764.7 | F129: 64.4 | G129: 131.3 | H129: 84024.4 | I129: 8402.44 | M129: =D129+E129-F129-G129 -> 84024.4 | N129: =H129-M129 -> 0 | O129: =M129*0.1 -> 8402.44 | P129: =I129-O129 -> 0
A130: MERKEZ | B130: GİRESUN | C130: MERKEZ/GİRESUN | D130: 28130.94 | E130: 15194.25 | F130: 1079.6 | G130: 4059.1 | H130: 38186.49 | I130: 3818.64 | M130: =D130+E130-F130-G130 -> 38186.49 | N130: =H130-M130 -> 0 | O130: =M130*0.1 -> 3818.649 | P130: =I130-O130 -> -0.009
A131: ESPİYE | B131: GİRESUN | C131: ESPİYE/GİRESUN | D131: 6059.6 | E131: 6816.6 | F131: 4.5 | G131: 85.7 | H131: 12786 | I131: 1278.6 | M131: =D131+E131-F131-G131 -> 12786 | N131: =H131-M131 -> 0 | O131: =M131*0.1 -> 1278.6 | P131: =I131-O131 -> 0
A132: BULANCAK | B132: GİRESUN | C132: BULANCAK/GİRESUN | D132: 2510.4 | E132: 2217.7 | F132: 45 | G132: 402.8 | H132: 4280.3 | I132: 428.03 | M132: =D132+E132-F132-G132 -> 4280.3 | N132: =H132-M132 -> 0 | O132: =M132*0.1 -> 428.03 | P132: =I132-O132 -> 0
A133: DERELİ | B133: GİRESUN | C133: DERELİ/GİRESUN | D133: 298.3 | E133: 699 | F133: 0 | G133: 0 | H133: 997.3 | I133: 99.73 | M133: =D133+E133-F133-G133 -> 997.3 | N133: =H133-M133 -> 0 | O133: =M133*0.1 -> 99.73 | P133: =I133-O133 -> 0
A134: ŞEBİNKARAHİSAR | B134: GİRESUN | C134: ŞEBİNKARAHİSAR/GİRESUN | D134: 528.8 | E134: 296.7 | F134: 0 | G134: 0 | H134: 825.5 | I134: 82.55 | M134: =D134+E134-F134-G134 -> 825.5 | N134: =H134-M134 -> 0 | O134: =M134*0.1 -> 82.55 | P134: =I134-O134 -> 0
A135: GÖRELE | B135: GİRESUN | C135: GÖRELE/GİRESUN | D135: 607.8 | F135: 0 | H135: 607.8 | I135: 60.78 | M135: =D135+E135-F135-G135 -> 607.8 | N135: =H135-M135 -> 0 | O135: =M135*0.1 -> 60.78 | P135: =I135-O135 -> 0
A136: GÜCE | B136: GİRESUN | C136: GÜCE/GİRESUN | D136: 86.4 | E136: 428.1 | F136: 0 | G136: 0 | H136: 514.5 | I136: 51.45 | M136: =D136+E136-F136-G136 -> 514.5 | N136: =H136-M136 -> 0 | O136: =M136*0.1 -> 51.45 | P136: =I136-O136 -> 0
A137: MERKEZ | B137: GÜMÜŞHANE | C137: MERKEZ/GÜMÜŞHANE | D137: 84.4 | E137: 2135.7 | F137: 0 | G137: 0 | H137: 2220.1 | I137: 222.01 | M137: =D137+E137-F137-G137 -> 2220.1 | N137: =H137-M137 -> 0 | O137: =M137*0.1 -> 222.01 | P137: =I137-O137 -> 0
A138: KELKİT | B138: GÜMÜŞHANE | C138: KELKİT/GÜMÜŞHANE | D138: 188.9 | E138: 1124.5 | F138: 0 | G138: 0 | H138: 1313.4 | I138: 131.34 | M138: =D138+E138-F138-G138 -> 1313.4 | N138: =H138-M138 -> 0 | O138: =M138*0.1 -> 131.34 | P138: =I138-O138 -> 0
A139: HATAY BÜYÜKŞEHİR | B139: HATAY | C139: HATAY BÜYÜKŞEHİR/HATAY | D139: 74526.7 | E139: 106294.64 | F139: 2676 | G139: 7947.1 | H139: 170198.24 | I139: 17019.82 | M139: =D139+E139-F139-G139 -> 170198.24 | N139: =H139-M139 -> 0 | O139: =M139*0.1 -> 17019.824 | P139: =I139-O139 -> -0.004
A140: MERKEZ | B140: IĞDIR | C140: MERKEZ/IĞDIR | D140: 1789.8 | E140: 8631.1 | F140: 25 | G140: 326.7 | H140: 10069.2 | I140: 1006.92 | M140: =D140+E140-F140-G140 -> 10069.2 | N140: =H140-M140 -> 0 | O140: =M140*0.1 -> 1006.92 | P140: =I140-O140 -> 0
A141: MERKEZ | B141: ISPARTA | C141: MERKEZ/ISPARTA | D141: 10749.2 | E141: 18393.4 | F141: 700.2 | G141: 5435.6 | H141: 23006.8 | I141: 2300.68 | M141: =D141+E141-F141-G141 -> 23006.8 | N141: =H141-M141 -> 0 | O141: =M141*0.1 -> 2300.68 | P141: =I141-O141 -> 0
A142: YALVAÇ | B142: ISPARTA | C142: YALVAÇ/ISPARTA | D142: 6085.1 | E142: 6658.4 | F142: 0 | G142: 0 | H142: 12743.5 | I142: 1274.35 | M142: =D142+E142-F142-G142 -> 12743.5 | N142: =H142-M142 -> 0 | O142: =M142*0.1 -> 1274.35 | P142: =I142-O142 -> 0
A143: ATABEY | B143: ISPARTA | C143: ATABEY/ISPARTA | D143: 1300.7 | E143: 1347 | F143: 0 | G143: 0 | H143: 2647.7 | I143: 264.77 | M143: =D143+E143-F143-G143 -> 2647.7 | N143: =H143-M143 -> 0 | O143: =M143*0.1 -> 264.77 | P143: =I143-O143 -> 0
A144: KEÇİBORLU | B144: ISPARTA | C144: KEÇİBORLU/ISPARTA | D144: 971.6 | E144: 1522.3 | F144: 0 | G144: 0 | H144: 2493.9 | I144: 249.39 | M144: =D144+E144-F144-G144 -> 2493.9 | N144: =H144-M144 -> 0 | O144: =M144*0.1 -> 249.39 | P144: =I144-O144 -> 0
A145: GÖNEN | B145: ISPARTA | C145: GÖNEN/ISPARTA | D145: 539.5 | E145: 1008.2 | F145: 32.1 | G145: 51.7 | H145: 1463.9 | I145: 146.39 | M145: =D145+E145-F145-G145 -> 1463.9 | N145: =H145-M145 -> 0 | O145: =M145*0.1 -> 146.39 | P145: =I145-O145 -> 0
A146: ŞARKİKARAAĞAÇ | B146: ISPARTA | C146: ŞARKİKARAAĞAÇ/ISPARTA | D146: 740.5 | E146: 675.9 | F146: 0 | G146: 0 | H146: 1416.4 | I146: 141.64 | M146: =D146+E146-F146-G146 -> 1416.4 | N146: =H146-M146 -> 0 | O146: =M146*0.1 -> 141.64 | P146: =I146-O146 -> 0
A147: EĞİRDİR | B147: ISPARTA | C147: EĞİRDİR/ISPARTA | D147: 285.2 | E147: 205.7 | F147: 0 | G147: 0 | H147: 490.9 | I147: 49.09 | M147: =D147+E147-F147-G147 -> 490.9 | N147: =H147-M147 -> 0 | O147: =M147*0.1 -> 49.09 | P147: =I147-O147 -> 0
... A151: SENİRKENT | B151: ISPARTA | C151: SENİRKENT/ISPARTA | D151: 126.7 | E151: 84.5 | F151: 0 | G151: 0 | H151: 211.2 | I151: 21.12 | M151: =D151+E151-F151-G151 -> 211.2 | N151: =H151-M151 -> 0 | O151: =M151*0.1 -> 21.12 | P151: =I151-O151 -> 0
A152: İSTANBUL BÜYÜKŞEHİR | B152: İSTANBUL | C152: İSTANBUL BÜYÜKŞEHİR/İSTANBUL | D152: 6678126.2 | E152: 6153449.1 | F152: 673873.81 | G152: 1023646.6 | H152: 11134055 | I152: 1113405.6 | J152: E-BEYANNAME | M152: =D152+E152-F152-G152 -> 11134055 | N152: =H152-M152 -> 0 | O152: =M152*0.1 -> 1113405.5 | P152: =I152-O152 -> 0.115
A153: İZMİR BÜYÜKŞEHİR | B153: İZMİR | C153: İZMİR BÜYÜKŞEHİR/İZMİR | D153: 1316993.8 | E153: 1821661 | F153: 133376.95 | G153: 150030.17 | H153: 2855247.8 | I153: 285524.81 | J153: E-BEYANNAME | M153: =D153+E153-F153-G153 -> 2855247.8 | N153: =H153-M153 -> 0 | O153: =M153*0.1 -> 285524.78 | P153: =I153-O153 -> 0.035
A154: KAHRAMANMARAŞ BÜYÜKŞEHİR | B154: KAHRAMANMARAŞ | C154: KAHRAMANMARAŞ BÜYÜKŞEHİR/KAHRAMANMARAŞ | D154: 14445.5 | E154: 29996 | F154: 415.91 | G154: 8959.37 | H154: 35066.22 | I154: 3506.61 | M154: =D154+E154-F154-G154 -> 35066.22 | N154: =H154-M154 -> 0 | O154: =M154*0.1 -> 3506.622 | P154: =I154-O154 -> -0.012
A155: SAFRANBOLU | B155: KARABÜK | C155: SAFRANBOLU/KARABÜK | D155: 8201.2 | E155: 18066.5 | F155: 0 | G155: 0 | H155: 26267.7 | I155: 2626.77 | M155: =D155+E155-F155-G155 -> 26267.7 | N155: =H155-M155 -> 0 | O155: =M155*0.1 -> 2626.77 | P155: =I155-O155 -> 0
A156: MERKEZ | B156: KARABÜK | C156: MERKEZ/KARABÜK | D156: 7705 | E156: 8772.46 | F156: 159.9 | G156: 34.5 | H156: 16283.06 | I156: 1628.31 | M156: =D156+E156-F156-G156 -> 16283.06 | N156: =H156-M156 -> 0 | O156: =M156*0.1 -> 1628.306 | P156: =I156-O156 -> 0.004
A157: ESKİPAZAR | B157: KARABÜK | C157: ESKİPAZAR/KARABÜK | D157: 1322.8 | E157: 1185.2 | F157: 0 | G157: 0 | H157: 2508 | I157: 250.8 | M157: =D157+E157-F157-G157 -> 2508 | N157: =H157-M157 -> 0 | O157: =M157*0.1 -> 250.8 | P157: =I157-O157 -> 0
A158: MERKEZ | B158: KARAMAN | C158: MERKEZ/KARAMAN | D158: 24641.3 | E158: 27128.2 | F158: 719 | G158: 4621.5 | H158: 46429 | I158: 4642.9 | M158: =D158+E158-F158-G158 -> 46429 | N158: =H158-M158 -> 0 | O158: =M158*0.1 -> 4642.9 | P158: =I158-O158 -> 0
A159: ERMENEK | B159: KARAMAN | C159: ERMENEK/KARAMAN | D159: 254.7 | E159: 23.2 | F159: 0 | G159: 0 | H159: 277.9 | I159: 27.79 | M159: =D159+E159-F159-G159 -> 277.9 | N159: =H159-M159 -> 0 | O159: =M159*0.1 -> 27.79 | P159: =I159-O159 -> 0
A160: SARIVELİLER | B160: KARAMAN | C160: SARIVELİLER/KARAMAN | D160: 207.1 | F160: 0 | H160: 207.1 | I160: 20.71 | M160: =D160+E160-F160-G160 -> 207.1 | N160: =H160-M160 -> 0 | O160: =M160*0.1 -> 20.71 | P160: =I160-O160 -> 0
A161: MERKEZ | B161: KARS | C161: MERKEZ/KARS | D161: 5810.6 | E161: 4149 | F161: 1366.5 | G161: 918.9 | H161: 7674.2 | I161: 767.42 | M161: =D161+E161-F161-G161 -> 7674.2 | N161: =H161-M161 -> 0 | O161: =M161*0.1 -> 767.42 | P161: =I161-O161 -> 0
A162: MERKEZ | B162: KASTAMONU | C162: MERKEZ/KASTAMONU | D162: 23299.95 | E162: 63756.07 | F162: 93.8 | G162: 402.8 | H162: 86559.42 | I162: 8655.95 | M162: =D162+E162-F162-G162 -> 86559.42 | N162: =H162-M162 -> 0 | O162: =M162*0.1 -> 8655.942 | P162: =I162-O162 -> 0.008
A163: ŞENPAZAR | B163: KASTAMONU | C163: ŞENPAZAR/KASTAMONU | D163: 3330.8 | E163: 3426.5 | F163: 0 | G163: 0 | H163: 6757.3 | I163: 675.73 | M163: =D163+E163-F163-G163 -> 6757.3 | N163: =H163-M163 -> 0 | O163: =M163*0.1 -> 675.73 | P163: =I163-O163 -> 0
A164: ARAÇ | B164: KASTAMONU | C164: ARAÇ/KASTAMONU | D164: 4545.6 | E164: 280.3 | F164: 0 | G164: 0 | H164: 4825.9 | I164: 482.59 | M164: =D164+E164-F164-G164 -> 4825.9 | N164: =H164-M164 -> 0 | O164: =M164*0.1 -> 482.59 | P164: =I164-O164 -> 0
A165: BOZKURT | B165: KASTAMONU | C165: BOZKURT/KASTAMONU | D165: 302.5 | E165: 1668.2 | F165: 0 | G165: 0 | H165: 1970.7 | I165: 197.07 | M165: =D165+E165-F165-G165 -> 1970.7 | N165: =H165-M165 -> 0 | O165: =M165*0.1 -> 197.07 | P165: =I165-O165 -> 0
...

Sheet Excel2
D3: Tür | E3: Values
D4: BİNA | H4: MUHTEVİYAT | L4: Total Sum of Üretim | M4: Total Sum of Iptal | N4: Total Sum of Net YSV | O4: Total Sum of Net Matrah
A5: BELEDIYE | B5: Il | C5: İlçe/İl | D5: Sum of Üretim | E5: Sum of Iptal | F5: Sum of Net YSV | G5: Sum of Net Matrah | H5: Sum of Üretim | I5: Sum of Iptal | J5: Sum of Net YSV | K5: Sum of Net Matrah
A6: PAZAR | B6: RİZE | C6: PAZAR/RİZE | D6: 159 | E6: 106.2 | F6: 5.28 | G6: 52.8 | H6: 49.7 | I6: 1040.4 | J6: -99.07 | K6: -990.7 | L6: 208.7 | M6: 1146.6 | N6: -93.79 | O6: -937.9
B7: TOKAT | C7: PAZAR/TOKAT | D7: 5.4 | E7: 0 | F7: 0.54 | G7: 5.4 | H7: 103.3 | I7: 0 | J7: 10.33 | K7: 103.3 | L7: 108.7 | M7: 0 | N7: 10.87 | O7: 108.7
A8: ABANA | B8: KASTAMONU | C8: ABANA/KASTAMONU | D8: 137.5 | E8: 0 | F8: 13.75 | G8: 137.5 | H8: 29.4 | I8: 0 | J8: 2.94 | K8: 29.4 | L8: 166.9 | M8: 0 | N8: 16.69 | O8: 166.9
A9: ACIGÖL | B9: NEVŞEHİR | C9: ACIGÖL/NEVŞEHİR | D9: 231.5 | E9: 0 | F9: 23.15 | G9: 231.5 | H9: 491.2 | I9: 0 | J9: 49.12 | K9: 491.2 | L9: 722.7 | M9: 0 | N9: 72.27 | O9: 722.7
A10: ADANA BÜYÜKŞEHİR | B10: ADANA | C10: ADANA BÜYÜKŞEHİR/ADANA | D10: 174202.41 | E10: 10663.7 | F10: 16353.87 | G10: 163538.71 | H10: 154813.22 | I10: 13590.9 | J10: 14122.23 | K10: 141222.32 | L10: 329015.63 | M10: 24254.6 | N10: 30476.1 | O10: 304761.03
A11: AĞAÇÖREN | B11: AKSARAY | C11: AĞAÇÖREN/AKSARAY | H11: 4362.3 | I11: 0 | J11: 436.23 | K11: 4362.3 | L11: 4362.3 | M11: 0 | N11: 436.23 | O11: 4362.3
A12: AHLAT | B12: BİTLİS | C12: AHLAT/BİTLİS | D12: 273.5 | E12: 0 | F12: 27.35 | G12: 273.5 | H12: 247.8 | I12: 0 | J12: 24.78 | K12: 247.8 | L12: 521.3 | M12: 0 | N12: 52.13 | O12: 521.3
A13: AKÇAKOCA | B13: DÜZCE | C13: AKÇAKOCA/DÜZCE | D13: 12405.7 | E13: 413.2 | F13: 1199.25 | G13: 11992.5 | H13: 2765.4 | I13: 4076.7 | J13: -131.13 | K13: -1311.3 | L13: 15171.1 | M13: 4489.9 | N13: 1068.12 | O13: 10681.2
A14: AKDAĞMADENİ | B14: YOZGAT | C14: AKDAĞMADENİ/YOZGAT | D14: 402.8 | E14: 0 | F14: 40.28 | G14: 402.8 | H14: 142.1 | I14: 0 | J14: 14.21 | K14: 142.1 | L14: 544.9 | M14: 0 | N14: 54.49 | O14: 544.9
A15: AKPINAR | B15: KIRŞEHİR | C15: AKPINAR/KIRŞEHİR | D15: 110.2 | E15: 0 | F15: 11.02 | G15: 110.2 | H15: 587.1 | I15: 0 | J15: 58.71 | K15: 587.1 | L15: 697.3 | M15: 0 | N15: 69.73 | O15: 697.3
A16: AKSU | B16: ISPARTA | C16: AKSU/ISPARTA | D16: 117.4 | E16: 0 | F16: 11.74 | G16: 117.4 | H16: 105.4 | I16: 0 | J16: 10.54 | K16: 105.4 | L16: 222.8 | M16: 0 | N16: 22.28 | O16: 222.8
A17: ALAPLI | B17: ZONGULDAK | C17: ALAPLI/ZONGULDAK | D17: 834.5 | E17: 3.1 | F17: 83.14 | G17: 831.4 | H17: 1471.7 | I17: 0 | J17: 147.17 | K17: 1471.7 | L17: 2306.2 | M17: 3.1 | N17: 230.31 | O17: 2303.1
A18: ALMUS | B18: TOKAT | C18: ALMUS/TOKAT | D18: 5.4 | E18: 11.2 | F18: -0.58 | G18: -5.8 | H18: 103.3 | I18: 223.4 | J18: -12.01 | K18: -120.1 | L18: 108.7 | M18: 234.6 | N18: -12.59 | O18: -125.9
A19: ALTINOVA | B19: YALOVA | C19: ALTINOVA/YALOVA | D19: 558 | E19: 0 | F19: 55.8 | G19: 558 | H19: 160.1 | I19: 0 | J19: 16.01 | K19: 160.1 | L19: 718.1 | M19: 0 | N19: 71.81 | O19: 718.1
A20: ALTINTAŞ | B20: KÜTAHYA | C20: ALTINTAŞ/KÜTAHYA | D20: 688.9 | E20: 4431 | F20: -374.21 | G20: -3742.1 | H20: 1528.7 | I20: 723.1 | J20: 80.56 | K20: 805.6 | L20: 2217.6 | M20: 5154.1 | N20: -293.65 | O20: -2936.5
A21: ALTINYAYLA | B21: BURDUR | C21: ALTINYAYLA/BURDUR | D21: 15 | E21: 0 | F21: 1.5 | G21: 15 | H21: 8.3 | I21: 0 | J21: 0.83 | K21: 8.3 | L21: 23.3 | M21: 0 | N21: 2.33 | O21: 23.3
A22: ALTUNHİSAR | B22: NİĞDE | C22: ALTUNHİSAR/NİĞDE | D22: 247.2 | E22: 0 | F22: 24.72 | G22: 247.2 | H22: 1226.2 | I22: 0 | J22: 122.62 | K22: 1226.2 | L22: 1473.4 | M22: 0 | N22: 147.34 | O22: 1473.4
A23: ALUCRA | B23: GİRESUN | C23: ALUCRA/GİRESUN | D23: 851.4 | E23: 0.1 | F23: 85.13 | G23: 851.3 | H23: 7.8 | I23: 1410.3 | J23: -140.25 | K23: -1402.5 | L23: 859.2 | M23: 1410.4 | N23: -55.12 | O23: -551.2
... A32: AVANOS | B32: NEVŞEHİR | C32: AVANOS/NEVŞEHİR | D32: 7595.2 | E32: 531.7 | F32: 706.35 | G32: 7063.5 | H32: 30926.3 | I32: 751.4 | J32: 3017.49 | K32: 30174.9 | L32: 38521.5 | M32: 1283.1 | N32: 3723.84 | O32: 37238.4
A33: AYANCIK | B33: SİNOP | C33: AYANCIK/SİNOP | D33: 30.6 | E33: 0 | F33: 3.06 | G33: 30.6 | L33: 30.6 | M33: 0 | N33: 3.06 | O33: 30.6
A34: AYDIN BÜYÜKŞEHİR | B34: AYDIN | C34: AYDIN BÜYÜKŞEHİR/AYDIN | D34: 99432.1 | E34: 11764.01 | F34: 8766.82 | G34: 87668.09 | H34: 122188.51 | I34: 16220.01 | J34: 10596.86 | K34: 105968.5 | L34: 221620.61 | M34: 27984.02 | N34: 19363.68 | O34: 193636.59
A35: AYVACIK | B35: ÇANAKKALE | C35: AYVACIK/ÇANAKKALE | D35: 12338.4 | E35: 217.9 | F35: 1212.05 | G35: 12120.5 | H35: 5262.2 | I35: 441.5 | J35: 482.07 | K35: 4820.7 | L35: 17600.6 | M35: 659.4 | N35: 1694.12 | O35: 16941.2
A36: AZDAVAY | B36: KASTAMONU | C36: AZDAVAY/KASTAMONU | D36: 234.8 | E36: 0 | F36: 23.48 | G36: 234.8 | H36: 106.9 | I36: 0 | J36: 10.69 | K36: 106.9 | L36: 341.7 | M36: 0 | N36: 34.17 | O36: 341.7
A37: BABAESKİ | B37: KIRKLARELİ | C37: BABAESKİ/KIRKLARELİ | D37: 443.3 | E37: 61.3 | F37: 38.2 | G37: 382 | H37: 584.3 | I37: 0 | J37: 58.43 | K37: 584.3 | L37: 1027.6 | M37: 61.3 | N37: 96.63 | O37: 966.3
A38: BAHÇE | B38: OSMANİYE | C38: BAHÇE/OSMANİYE | D38: 66.8 | E38: 0 | F38: 6.68 | G38: 66.8 | L38: 66.8 | M38: 0 | N38: 6.68 | O38: 66.8
A39: BALIKESİR BÜYÜKŞEHİR | B39: BALIKESİR | C39: BALIKESİR BÜYÜKŞEHİR/BALIKESİR | D39: 153308.38 | E39: 20562.05 | F39: 13274.62 | G39: 132746.33 | H39: 170715.2 | I39: 24789.64 | J39: 14592.56 | K39: 145925.56 | L39: 324023.58 | M39: 45351.69 | N39: 27867.18 | O39: 278671.89
A40: BANAZ | B40: UŞAK | C40: BANAZ/UŞAK | D40: 891.2 | E40: 45 | F40: 84.62 | G40: 846.2 | H40: 989.9 | I40: 402.8 | J40: 58.71 | K40: 587.1 | L40: 1881.1 | M40: 447.8 | N40: 143.33 | O40: 1433.3
A41: BAŞVERİMLİ | B41: ŞIRNAK | C41: BAŞVERİMLİ/ŞIRNAK | D41: 1566.6 | E41: 0 | F41: 156.66 | G41: 1566.6 | H41: 1860 | I41: 0 | J41: 186 | K41: 1860 | L41: 3426.6 | M41: 0 | N41: 342.66 | O41: 3426.6
A42: BAYRAMİÇ | B42: ÇANAKKALE | C42: BAYRAMİÇ/ÇANAKKALE | D42: 20 | E42: 0 | F42: 2 | G42: 20 | H42: 209.3 | I42: 0 | J42: 20.93 | K42: 209.3 | L42: 229.3 | M42: 0 | N42: 22.93 | O42: 229.3
A43: BESNİ | B43: ADIYAMAN | C43: BESNİ/ADIYAMAN | D43: 261.1 | E43: 0 | F43: 26.11 | G43: 261.1 | H43: 449.6 | I43: 0 | J43: 44.96 | K43: 449.6 | L43: 710.7 | M43: 0 | N43: 71.07 | O43: 710.7
A44: BEŞİRİ | B44: BATMAN | C44: BEŞİRİ/BATMAN | D44: 7693 | E44: 0 | F44: 769.3 | G44: 7693 | H44: 4700.6 | I44: 0 | J44: 470.06 | K44: 4700.6 | L44: 12393.6 | M44: 0 | N44: 1239.36 | O44: 12393.6
A45: BİGA | B45: ÇANAKKALE | C45: BİGA/ÇANAKKALE | D45: 2629.3 | E45: 116.9 | F45: 251.24 | G45: 2512.4 | H45: 7437.3 | I45: 771.4 | J45: 666.59 | K45: 6665.9 | L45: 10066.6 | M45: 888.3 | N45: 917.83 | O45: 9178.3
A46: BOĞAZLIYAN | B46: YOZGAT | C46: BOĞAZLIYAN/YOZGAT | D46: 241.9 | E46: 0 | F46: 24.19 | G46: 241.9 | H46: 169.8 | I46: 0 | J46: 16.98 | K46: 169.8 | L46: 411.7 | M46: 0 | N46: 41.17 | O46: 411.7
A47: BOLVADİN | B47: AFYONKARAHİSAR | C47: BOLVADİN/AFYONKARAHİSAR | D47: 258.4 | E47: 0 | F47: 25.84 | G47: 258.4 | H47: 411 | I47: 0 | J47: 41.1 | K47: 411 | L47: 669.4 | M47: 0 | N47: 66.94 | O47: 669.4
A48: BOR | B48: NİĞDE | C48: BOR/NİĞDE | D48: 32071.8 | E48: 4.2 | F48: 3206.76 | G48: 32067.6 | H48: 3039.5 | I48: 79.2 | J48: 296.03 | K48: 2960.3 | L48: 35111.3 | M48: 83.4 | N48: 3502.79 | O48: 35027.9
A49: BOYABAT | B49: SİNOP | C49: BOYABAT/SİNOP | D49: 118.7 | E49: 39 | F49: 7.97 | G49: 79.7 | H49: 415.6 | I49: 0 | J49: 41.56 | K49: 415.6 | L49: 534.3 | M49: 39 | N49: 49.53 | O49: 495.3
A50: BOZCAADA | B50: ÇANAKKALE | C50: BOZCAADA/ÇANAKKALE | D50: 3451.5 | E50: 171.8 | F50: 327.97 | G50: 3279.7 | H50: 5728.3 | I50: 1389.1 | J50: 433.92 | K50: 4339.2 | L50: 9179.8 | M50: 1560.9 | N50: 761.89 | O50: 7618.9
... A55: BURSA BÜYÜKŞEHİR | B55: BURSA | C55: BURSA BÜYÜKŞEHİR/BURSA | D55: 429731.52 | E55: 114887.64 | F55: 31484.43 | G55: 314843.88 | H55: 844865.64 | I55: 127353.21 | J55: 71751.27 | K55: 717512.43 | L55: 1274597.2 | M55: 242240.85 | N55: 103235.7 | O55: 1032356.3
A56: CİDE | B56: KASTAMONU | C56: CİDE/KASTAMONU | D56: 105.1 | E56: 0 | F56: 10.51 | G56: 105.1 | L56: 105.1 | M56: 0 | N56: 10.51 | O56: 105.1
A57: CUMAYERİ | B57: DÜZCE | C57: CUMAYERİ/DÜZCE | D57: 5504.8 | E57: 0 | F57: 550.48 | G57: 5504.8 | H57: 115.6 | I57: 0 | J57: 11.56 | K57: 115.6 | L57: 5620.4 | M57: 0 | N57: 562.04 | O57: 5620.4
A58: ÇAMLIHEMŞİN | B58: RİZE | C58: ÇAMLIHEMŞİN/RİZE | D58: 0 | E58: 112.7 | F58: -11.27 | G58: -112.7 | H58: 0 | I58: 82.8 | J58: -8.28 | K58: -82.8 | L58: 0 | M58: 195.5 | N58: -19.55 | O58: -195.5
A59: ÇAN | B59: ÇANAKKALE | C59: ÇAN/ÇANAKKALE | D59: 872.2 | E59: 45 | F59: 82.72 | G59: 827.2 | H59: 3420.5 | I59: 402.8 | J59: 301.77 | K59: 3017.7 | L59: 4292.7 | M59: 447.8 | N59: 384.49 | O59: 3844.9
A60: ÇAVDARHİSAR | B60: KÜTAHYA | C60: ÇAVDARHİSAR/KÜTAHYA | D60: 2.8 | E60: 0 | F60: 0.28 | G60: 2.8 | H60: 46.9 | I60: 0 | J60: 4.69 | K60: 46.9 | L60: 49.7 | M60: 0 | N60: 4.97 | O60: 49.7
A61: ÇAVDIR | B61: BURDUR | C61: ÇAVDIR/BURDUR | D61: 738.3 | E61: 0 | F61: 73.83 | G61: 738.3 | H61: 549.7 | I61: 0 | J61: 54.97 | K61: 549.7 | L61: 1288 | M61: 0 | N61: 128.8 | O61: 1288
A62: ÇAY | B62: AFYONKARAHİSAR | C62: ÇAY/AFYONKARAHİSAR | D62: 51763.5 | E62: 0 | F62: 5176.35 | G62: 51763.5 | L62: 51763.5 | M62: 0 | N62: 5176.35 | O62: 51763.5
A63: ÇAYCUMA | B63: ZONGULDAK | C63: ÇAYCUMA/ZONGULDAK | D63: 305.4 | E63: 45 | F63: 26.04 | G63: 260.4 | H63: 1613.4 | I63: 0 | J63: 161.34 | K63: 1613.4 | L63: 1918.8 | M63: 45 | N63: 187.38 | O63: 1873.8
A64: ÇAYELİ | B64: RİZE | C64: ÇAYELİ/RİZE | D64: 5.4 | E64: 0 | F64: 0.54 | G64: 5.4 | H64: 103.3 | I64: 0 | J64: 10.33 | K64: 103.3 | L64: 108.7 | M64: 0 | N64: 10.87 | O64: 108.7
A65: ÇEKEREK | B65: YOZGAT | C65: ÇEKEREK/YOZGAT | D65: 0.3 | E65: 146.2 | F65: -14.59 | G65: -145.9 | H65: 2017.4 | I65: 1448.7 | J65: 56.87 | K65: 568.7 | L65: 2017.7 | M65: 1594.9 | N65: 42.28 | O65: 422.8
A66: ÇELİKHAN | B66: ADIYAMAN | C66: ÇELİKHAN/ADIYAMAN | D66: 307.4 | E66: 0 | F66: 30.74 | G66: 307.4 | H66: 118 | I66: 0 | J66: 11.8 | K66: 118 | L66: 425.4 | M66: 0 | N66: 42.54 | O66: 425.4
A67: ÇEMİŞGEZEK | B67: TUNCELİ | C67: ÇEMİŞGEZEK/TUNCELİ | D67: 61.2 | E67: 0 | F67: 6.12 | G67: 61.2 | H67: 712.7 | I67: 0 | J67: 71.27 | K67: 712.7 | L67: 773.9 | M67: 0 | N67: 77.39 | O67: 773.9
A68: ÇERKEŞ | B68: ÇANKIRI | C68: ÇERKEŞ/ÇANKIRI | D68: 1191 | E68: 0 | F68: 119.1 | G68: 1191 | H68: 1181.2 | I68: 0 | J68: 118.12 | K68: 1181.2 | L68: 2372.2 | M68: 0 | N68: 237.22 | O68: 2372.2
A69: ÇILDIR | B69: ARDAHAN | C69: ÇILDIR/ARDAHAN | D69: 70.7 | E69: 0 | F69: 7.07 | G69: 70.7 | L69: 70.7 | M69: 0 | N69: 7.07 | O69: 70.7
A70: ÇINARCIK | B70: YALOVA | C70: ÇINARCIK/YALOVA | D70: 30586.1 | E70: 5043.3 | F70: 2554.28 | G70: 25542.8 | H70: 5327.4 | I70: 690 | J70: 463.74 | K70: 4637.4 | L70: 35913.5 | M70: 5733.3 | N70: 3018.02 | O70: 30180.2
A71: ÇİÇEKDAĞI | B71: KIRŞEHİR | C71: ÇİÇEKDAĞI/KIRŞEHİR | D71: 45 | E71: 0 | F71: 4.5 | G71: 45 | H71: 402.8 | I71: 0 | J71: 40.28 | K71: 402.8 | L71: 447.8 | M71: 0 | N71: 44.78 | O71: 447.8
A72: ÇİFTLİK | B72: NİĞDE | C72: ÇİFTLİK/NİĞDE | D72: 140.5 | E72: 0 | F72: 14.05 | G72: 140.5 | H72: 587.1 | I72: 0 | J72: 58.71 | K72: 587.1 | L72: 727.6 | M72: 0 | N72: 72.76 | O72: 727.6
A73: ÇİFTLİKKÖY | B73: YALOVA | C73: ÇİFTLİKKÖY/YALOVA | D73: 29695.1 | E73: 2833.7 | F73: 2686.14 | G73: 26861.4 | H73: 11780.5 | I73: 947 | J73: 1083.35 | K73: 10833.5 | L73: 41475.6 | M73: 3780.7 | N73: 3769.49 | O73: 37694.9
A74: ÇİLİMLİ | B74: DÜZCE | C74: ÇİLİMLİ/DÜZCE | D74: 243.4 | E74: 0 | F74: 24.34 | G74: 243.4 | H74: 223.7 | I74: 0 | J74: 22.37 | K74: 223.7 | L74: 467.1 | M74: 0 | N74: 46.71 | O74: 467.1
A75: DAMAL | B75: ARDAHAN | C75: DAMAL/ARDAHAN | D75: 288.7 | E75: 0 | F75: 28.87 | G75: 288.7 | H75: 186.4 | I75: 0 | J75: 18.64 | K75: 186.4 | L75: 475.1 | M75: 0 | N75: 47.51 | O75: 475.1
A76: DAZKIRI | B76: AFYONKARAHİSAR | C76: DAZKIRI/AFYONKARAHİSAR | D76: 0.2 | E76: 0 | F76: 0.02 | G76: 0.2 | H76: 2049.3 | I76: 0 | J76: 204.93 | K76: 2049.3 | L76: 2049.5 | M76: 0 | N76: 204.95 | O76: 2049.5
A77: DELİCE | B77: KIRIKKALE | C77: DELİCE/KIRIKKALE | D77: 45 | E77: 0 | F77: 4.5 | G77: 45 | H77: 402.8 | I77: 0 | J77: 40.28 | K77: 402.8 | L77: 447.8 | M77: 0 | N77: 44.78 | O77: 447.8
A78: DEMİRKÖY | B78: KIRKLARELİ | C78: DEMİRKÖY/KIRKLARELİ | D78: 938.6 | E78: 0 | F78: 93.86 | G78: 938.6 | H78: 870.4 | I78: 0 | J78: 87.04 | K78: 870.4 | L78: 1809 | M78: 0 | N78: 180.9 | O78: 1809
A79: DENİZLİ BÜYÜKŞEHİR | B79: DENİZLİ | C79: DENİZLİ BÜYÜKŞEHİR/DENİZLİ | D79: 330968.7 | E79: 17007.3 | F79: 31396.13 | G79: 313961.4 | H79: 293063.99 | I79: 10234.37 | J79: 28282.95 | K79: 282829.62 | L79: 624032.69 | M79: 27241.67 | N79: 59679.08 | O79: 596791.02
A80: DERELİ | B80: GİRESUN | C80: DERELİ/GİRESUN | D80: 298.3 | E80: 0 | F80: 29.83 | G80: 298.3 | H80: 699 | I80: 0 | J80: 69.9 | K80: 699 | L80: 997.3 | M80: 0 | N80: 99.73 | O80: 997.3
A81: DEREPAZARI | B81: RİZE | C81: DEREPAZARI/RİZE | D81: 154.1 | E81: 0 | F81: 15.41 | G81: 154.1 | H81: 1086.7 | I81: 0 | J81: 108.67 | K81: 1086.7 | L81: 1240.8 | M81: 0 | N81: 124.08 | O81: 1240.8
... A124: GÖNEN | B124: ISPARTA | C124: GÖNEN/ISPARTA | D124: 539.5 | E124: 32.1 | F124: 50.74 | G124: 507.4 | H124: 1008.2 | I124: 51.7 | J124: 95.65 | K124: 956.5 | L124: 1547.7 | M124: 83.8 | N124: 146.39 | O124: 1463.9
A125: GÖRELE | B125: GİRESUN | C125: GÖRELE/GİRESUN | D125: 607.8 | E125: 0 | F125: 60.78 | G125: 607.8 | L125: 607.8 | M125: 0 | N125: 60.78 | O125: 607.8
A126: GÖYNÜCEK | B126: AMASYA | C126: GÖYNÜCEK/AMASYA | D126: 5.4 | E126: 0 | F126: 0.54 | G126: 5.4 | H126: 103.3 | I126: 0 | J126: 10.33 | K126: 103.3 | L126: 108.7 | M126: 0 | N126: 10.87 | O126: 108.7
A127: GÖYNÜK | B127: BOLU | C127: GÖYNÜK/BOLU | D127: 5.4 | E127: 0 | F127: 0.54 | G127: 5.4 | H127: 103.3 | I127: 0 | J127: 10.33 | K127: 103.3 | L127: 108.7 | M127: 0 | N127: 10.87 | O127: 108.7
A128: GÜCE | B128: GİRESUN | C128: GÜCE/GİRESUN | D128: 86.4 | E128: 0 | F128: 8.64 | G128: 86.4 | H128: 428.1 | I128: 0 | J128: 42.81 | K128: 428.1 | L128: 514.5 | M128: 0 | N128: 51.45 | O128: 514.5
A129: GÜLŞEHİR | B129: NEVŞEHİR | C129: GÜLŞEHİR/NEVŞEHİR | D129: 1440.8 | E129: 0 | F129: 144.08 | G129: 1440.8 | H129: 660.9 | I129: 0 | J129: 66.09 | K129: 660.9 | L129: 2101.7 | M129: 0 | N129: 210.17 | O129: 2101.7
A130: GÜMÜŞHACIKÖY | B130: AMASYA | C130: GÜMÜŞHACIKÖY/AMASYA | D130: 377.1 | E130: 0 | F130: 37.71 | G130: 377.1 | H130: 313.3 | I130: 0 | J130: 31.33 | K130: 313.3 | L130: 690.4 | M130: 0 | N130: 69.04 | O130: 690.4
A131: GÜMÜŞOVA | B131: DÜZCE | C131: GÜMÜŞOVA/DÜZCE | D131: 167.6 | E131: 0 | F131: 16.76 | G131: 167.6 | H131: 83.7 | I131: 0 | J131: 8.37 | K131: 83.7 | L131: 251.3 | M131: 0 | N131: 25.13 | O131: 251.3
A132: GÜNEYSU | B132: RİZE | C132: GÜNEYSU/RİZE | D132: 0.5 | E132: 0 | F132: 0.05 | G132: 0.5 | H132: 859.3 | I132: 0 | J132: 85.93 | K132: 859.3 | L132: 859.8 | M132: 0 | N132: 85.98 | O132: 859.8
A133: GÜRÜN | B133: SİVAS | C133: GÜRÜN/SİVAS | D133: 13.4 | E133: 0 | F133: 1.34 | G133: 13.4 | H133: 16.3 | I133: 0 | J133: 1.63 | K133: 16.3 | L133: 29.7 | M133: 0 | N133: 2.97 | O133: 29.7
A134: GÜZELYURT | B134: AKSARAY | C134: GÜZELYURT/AKSARAY | D134: 85.8 | E134: 0.1 | F134: 8.57 | G134: 85.7 | H134: 51.9 | I134: 0 | J134: 5.19 | K134: 51.9 | L134: 137.7 | M134: 0.1 | N134: 13.76 | O134: 137.6
A135: HAFİK | B135: SİVAS | C135: HAFİK/SİVAS | D135: 46.2 | E135: 0 | F135: 4.62 | G135: 46.2 | H135: 103.3 | I135: 0 | J135: 10.33 | K135: 103.3 | L135: 149.5 | M135: 0 | N135: 14.95 | O135: 149.5
A136: HANAK | B136: ARDAHAN | C136: HANAK/ARDAHAN | D136: 455.8 | E136: 0 | F136: 45.58 | G136: 455.8 | H136: 45.8 | I136: 0 | J136: 4.58 | K136: 45.8 | L136: 501.6 | M136: 0 | N136: 50.16 | O136: 501.6
A137: HASKÖY | B137: MUŞ | C137: HASKÖY/MUŞ | D137: 0 | E137: 333.1 | F137: -33.31 | G137: -333.1 | L137: 0 | M137: 333.1 | N137: -33.31 | O137: -333.1
A138: HATAY BÜYÜKŞEHİR | B138: HATAY | C138: HATAY BÜYÜKŞEHİR/HATAY | D138: 74526.7 | E138: 2676 | F138: 7185.07 | G138: 71850.7 | H138: 106294.64 | I138: 7947.1 | J138: 9834.75 | K138: 98347.54 | L138: 180821.34 | M138: 10623.1 | N138: 17019.82 | O138: 170198.24
A139: HAVSA | B139: EDİRNE | C139: HAVSA/EDİRNE | D139: 11191.6 | E139: 0 | F139: 1119.16 | G139: 11191.6 | H139: 11825.1 | I139: 0 | J139: 1182.51 | K139: 11825.1 | L139: 23016.7 | M139: 0 | N139: 2301.67 | O139: 23016.7
A140: HİSARCIK | B140: KÜTAHYA | C140: HİSARCIK/KÜTAHYA | D140: 5.4 | E140: 0 | F140: 0.54 | G140: 5.4 | H140: 103.3 | I140: 0 | J140: 10.33 | K140: 103.3 | L140: 108.7 | M140: 0 | N140: 10.87 | O140: 108.7
A141: HOCALAR | B141: AFYONKARAHİSAR | C141: HOCALAR/AFYONKARAHİSAR | D141: 246.6 | E141: 4.2 | F141: 24.24 | G141: 242.4 | H141: 129.8 | I141: 57.2 | J141: 7.26 | K141: 72.6 | L141: 376.4 | M141: 61.4 | N141: 31.5 | O141: 315
A142: HOPA | B142: ARTVİN | C142: HOPA/ARTVİN | D142: 2585.7 | E142: 998.5 | F142: 158.72 | G142: 1587.2 | H142: 1052.9 | I142: 0 | J142: 105.29 | K142: 1052.9 | L142: 3638.6 | M142: 998.5 | N142: 264.01 | O142: 2640.1
A143: ILGAZ | B143: ÇANKIRI | C143: ILGAZ/ÇANKIRI | D143: 58.9 | E143: 0 | F143: 5.89 | G143: 58.9 | H143: 35.4 | I143: 0 | J143: 3.54 | K143: 35.4 | L143: 94.3 | M143: 0 | N143: 9.43 | O143: 94.3
A144: İHSANİYE | B144: AFYONKARAHİSAR | C144: İHSANİYE/AFYONKARAHİSAR | D144: 0.1 | E144: 0 | F144: 0.01 | G144: 0.1 | H144: 1335.8 | I144: 0 | J144: 133.58 | K144: 1335.8 | L144: 1335.9 | M144: 0 | N144: 133.59 | O144: 1335.9
A145: İLİÇ | B145: ERZİNCAN | C145: İLİÇ/ERZİNCAN | H145: 2031.1 | I145: 0 | J145: 203.11 | K145: 2031.1 | L145: 2031.1 | M145: 0 | N145: 203.11 | O145: 2031.1
A146: İNEBOLU | B146: KASTAMONU | C146: İNEBOLU/KASTAMONU | D146: 113.3 | E146: 38.5 | F146: 7.48 | G146: 74.8 | H146: 36.4 | I146: 0 | J146: 3.64 | K146: 36.4 | L146: 149.7 | M146: 38.5 | N146: 11.12 | O146: 111.2
A147: İPSALA | B147: EDİRNE | C147: İPSALA/EDİRNE | D147: 5.4 | E147: 62.8 | F147: -5.74 | G147: -57.4 | H147: 103.3 | I147: 0 | J147: 10.33 | K147: 103.3 | L147: 108.7 | M147: 62.8 | N147: 4.59 | O147: 45.9
A148: İSCEHİSAR | B148: AFYONKARAHİSAR | C148: İSCEHİSAR/AFYONKARAHİSAR | D148: 2151.9 | E148: 0 | F148: 215.19 | G148: 2151.9 | H148: 199.1 | I148: 0 | J148: 19.91 | K148: 199.1 | L148: 2351 | M148: 0 | N148: 235.1 | O148: 2351
A149: İSKİLİP | B149: ÇORUM | C149: İSKİLİP/ÇORUM | D149: 45 | E149: 0 | F149: 4.5 | G149: 45 | H149: 402.8 | I149: 0 | J149: 40.28 | K149: 402.8 | L149: 447.8 | M149: 0 | N149: 44.78 | O149: 447.8
A150: İSTANBUL BÜYÜKŞEHİR | B150: İSTANBUL | C150: İSTANBUL BÜYÜKŞEHİR/İSTANBUL | D150: 6678126.2 | E150: 673873.81 | F150: 600425.32 | G150: 6004252.4 | H150: 6153449.1 | I150: 1023646.6 | J150: 512980.28 | K150: 5129802.5 | L150: 12831575 | M150: 1697520.4 | N150: 1113405.6 | O150: 11134055
A151: İYİDERE | B151: RİZE | C151: İYİDERE/RİZE | D151: 663.6 | E151: 5.4 | F151: 65.82 | G151: 658.2 | H151: 543.8 | I151: 103.3 | J151: 44.05 | K151: 440.5 | L151: 1207.4 | M151: 108.7 | N151: 109.87 | O151: 1098.7
A152: İZMİR BÜYÜKŞEHİR | B152: İZMİR | C152: İZMİR BÜYÜKŞEHİR/İZMİR | D152: 1316993.8 | E152: 133376.95 | F152: 118361.7 | G152: 1183616.9 | H152: 1821661 | I152: 150030.17 | J152: 167163.11 | K152: 1671630.9 | L152: 3138654.9 | M152: 283407.12 | N152: 285524.81 | O152: 2855247.8
A153: KADİRLİ | B153: OSMANİYE | C153: KADİRLİ/OSMANİYE | D153: 1964.6 | E153: 0 | F153: 196.46 | G153: 1964.6 | H153: 4626.8 | I153: 0 | J153: 462.68 | K153: 4626.8 | L153: 6591.4 | M153: 0 | N153: 659.14 | O153: 6591.4
A154: KAĞIZMAN | B154: KARS | C154: KAĞIZMAN/KARS | D154: 34.3 | E154: 0 | F154: 3.43 | G154: 34.3 | H154: 32.3 | I154: 0 | J154: 3.23 | K154: 32.3 | L154: 66.6 | M154: 0 | N154: 6.66 | O154: 66.6
A155: KAHRAMANMARAŞ BÜYÜKŞEHİR | B155: KAHRAMANMARAŞ | C155: KAHRAMANMARAŞ BÜYÜKŞEHİR/KAHRAMANMARAŞ | D155: 14445.5 | E155: 415.91 | F155: 1402.95 | G155: 14029.59 | H155: 29996 | I155: 8959.37 | J155: 2103.66 | K155: 21036.63 | L155: 44441.5 | M155: 9375.28 | N155: 3506.61 | O155: 35066.22
A156: KAHTA | B156: ADIYAMAN | C156: KAHTA/ADIYAMAN | D156: 1905.1 | E156: 0 | F156: 190.51 | G156: 1905.1 | H156: 3151.8 | I156: 0 | J156: 315.18 | K156: 3151.8 | L156: 5056.9 | M156: 0 | N156: 505.69 | O156: 5056.9
...

Sheet Excel1
A1: x | B1: BELEDIYE | C1: Il | D1: İlçe/İl | E1: Ilçe | F1: Belediye | G1: Tür | H1: Üretim | I1: Üretim YSV | J1: Iptal | K1: Iptal YSV | L1: Net Matrah | M1: Net YSV | N1: X | O1: KAPANAN BELEDİYE KONTROL | P1: KAPANAN BELEDİYE KONTROL | U1: /
A2: TÜM PARTAJLAR | B2: =VLOOKUP(C2,'Büyükşehir List'!$C$2:$D$31,2,FALSE) -> ADANA BÜYÜKŞEHİR | C2: ADANA | D2: =CONCATENATE(B2,"/",C2) -> ADANA BÜYÜKŞEHİR/ADANA | E2: ÇELEMLİ | F2: ÇELEMLİ | G2: MUHTEVİYAT | H2: 9242.8 | I2: 924.28 | J2: 1744.9 | K2: 174.49 | L2: 7497.9 | M2: 749.79 | O2: =IFERROR(VLOOKUP(D2,'KAPANAN BLD.'!$C$2:$D$793,2,FALSE),0) -> 0 | P2: 0
A3: TÜM PARTAJLAR | B3: =VLOOKUP(C3,'Büyükşehir List'!$C$2:$D$31,2,FALSE) -> ADANA BÜYÜKŞEHİR | C3: ADANA | D3: =CONCATENATE(B3,"/",C3) -> ADANA BÜYÜKŞEHİR/ADANA | E3: ÇELEMLİ | F3: ÇELEMLİ | G3: BİNA | H3: 12873.7 | I3: 1287.37 | J3: 4661.6 | K3: 466.16 | L3: 8212.1 | M3: 821.21 | O3: =IFERROR(VLOOKUP(D3,'KAPANAN BLD.'!$C$2:$D$793,2,FALSE),0) -> 0 | P3: 0
A4: TÜM PARTAJLAR | B4: =VLOOKUP(C4,'Büyükşehir List'!$C$2:$D$31,2,FALSE) -> ADANA BÜYÜKŞEHİR | C4: ADANA | D4: =CONCATENATE(B4,"/",C4) -> ADANA BÜYÜKŞEHİR/ADANA | E4: ADANA BÜYÜKŞEHİR | F4: ADANA BÜYÜKŞEHİR | G4: BİNA | H4: 41962.32 | I4: 4196.23 | J4: 3305.5 | K4: 330.55 | L4: 38656.82 | M4: 3865.68 | O4: =IFERROR(VLOOKUP(D4,'KAPANAN BLD.'!$C$2:$D$793,2,FALSE),0) -> 0 | P4: 0
A5: TÜM PARTAJLAR | B5: =VLOOKUP(C5,'Büyükşehir List'!$C$2:$D$31,2,FALSE) -> ADANA BÜYÜKŞEHİR | C5: ADANA | D5: =CONCATENATE(B5,"/",C5) -> ADANA BÜYÜKŞEHİR/ADANA | E5: ADANA BÜYÜKŞEHİR | F5: ADANA BÜYÜKŞEHİR | G5: MUHTEVİYAT | H5: 19597.58 | I5: 1959.76 | J5: 984.9 | K5: 98.49 | L5: 18612.68 | M5: 1861.27 | O5: =IFERROR(VLOOKUP(D5,'KAPANAN BLD.'!$C$2:$D$793,2,FALSE),0) -> 0 | P5: 0
A6: TÜM PARTAJLAR | B6: =VLOOKUP(C6,'Büyükşehir List'!$C$2:$D$31,2,FALSE) -> ADANA BÜYÜKŞEHİR | C6: ADANA | D6: =CONCATENATE(B6,"/",C6) -> ADANA BÜYÜKŞEHİR/ADANA | E6: DORUK | F6: DORUK | G6: BİNA | H6: 136.7 | I6: 13.67 | J6: 0 | K6: 0 | L6: 136.7 | M6: 13.67 | O6: =IFERROR(VLOOKUP(D6,'KAPANAN BLD.'!$C$2:$D$793,2,FALSE),0) -> 0 | P6: 0
A7: TÜM PARTAJLAR | B7: =VLOOKUP(C7,'Büyükşehir List'!$C$2:$D$31,2,FALSE) -> ADANA BÜYÜKŞEHİR | C7: ADANA | D7: =CONCATENATE(B7,"/",C7) -> ADANA BÜYÜKŞEHİR/ADANA | E7: DORUK | F7: DORUK | G7: MUHTEVİYAT | H7: 1090.5 | I7: 109.05 | J7: 0 | K7: 0 | L7: 1090.5 | M7: 109.05 | O7: =IFERROR(VLOOKUP(D7,'KAPANAN BLD.'!$C$2:$D$793,2,FALSE),0) -> 0 | P7: 0
A8: TÜM PARTAJLAR | B8: =VLOOKUP(C8,'Büyükşehir List'!$C$2:$D$31,2,FALSE) -> ADANA BÜYÜKŞEHİR | C8: ADANA | D8: =CONCATENATE(B8,"/",C8) -> ADANA BÜYÜKŞEHİR/ADANA | E8: FEKE | F8: FEKE | G8: BİNA | H8: 398.6 | I8: 39.86 | J8: 0 | K8: 0 | L8: 398.6 | M8: 39.86 | O8: =IFERROR(VLOOKUP(D8,'KAPANAN BLD.'!$C$2:$D$793,2,FALSE),0) -> 0 | P8: 0
A9: TÜM PARTAJLAR | B9: =VLOOKUP(C9,'Büyükşehir List'!$C$2:$D$31,2,FALSE) -> ADANA BÜYÜKŞEHİR | C9: ADANA | D9: =CONCATENATE(B9,"/",C9) -> ADANA BÜYÜKŞEHİR/ADANA | E9: FEKE | F9: FEKE | G9: MUHTEVİYAT | H9: 704.6 | I9: 70.46 | J9: 0 | K9: 0 | L9: 704.6 | M9: 70.46 | O9: =IFERROR(VLOOKUP(D9,'KAPANAN BLD.'!$C$2:$D$793,2,FALSE),0) -> 0 | P9: 0
A10: TÜM PARTAJLAR | B10: =VLOOKUP(C10,'Büyükşehir List'!$C$2:$D$31,2,FALSE) -> ADANA BÜYÜKŞEHİR | C10: ADANA | D10: =CONCATENATE(B10,"/",C10) -> ADANA BÜYÜKŞEHİR/ADANA | E10: GAZİ | F10: GAZİ | G10: MUHTEVİYAT | H10: 980.9 | I10: 98.09 | J10: 0 | K10: 0 | L10: 980.9 | M10: 98.09 | O10: =IFERROR(VLOOKUP(D10,'KAPANAN BLD.'!$C$2:$D$793,2,FALSE),0) -> 0 | P10: 0
A11: TÜM PARTAJLAR | B11: =VLOOKUP(C11,'Büyükşehir List'!$C$2:$D$31,2,FALSE) -> ADANA BÜYÜKŞEHİR | C11: ADANA | D11: =CONCATENATE(B11,"/",C11) -> ADANA BÜYÜKŞEHİR/ADANA | E11: GAZİ | F11: GAZİ | G11: BİNA | H11: 320.9 | I11: 32.09 | J11: 0 | K11: 0 | L11: 320.9 | M11: 32.09 | O11: =IFERROR(VLOOKUP(D11,'KAPANAN BLD.'!$C$2:$D$793,2,FALSE),0) -> 0 | P11: 0
A12: TÜM PARTAJLAR | B12: =VLOOKUP(C12,'Büyükşehir List'!$C$2:$D$31,2,FALSE) -> ADANA BÜYÜKŞEHİR | C12: ADANA | D12: =CONCATENATE(B12,"/",C12) -> ADANA BÜYÜKŞEHİR/ADANA | E12: İMAMOĞLU | F12: İMAMOĞLU | G12: BİNA | H12: 0 | I12: 0 | J12: 34.4 | K12: 3.44 | L12: -34.4 | M12: -3.44 | O12: =IFERROR(VLOOKUP(D12,'KAPANAN BLD.'!$C$2:$D$793,2,FALSE),0) -> 0 | P12: 0
A13: TÜM PARTAJLAR | B13: =VLOOKUP(C13,'Büyükşehir List'!$C$2:$D$31,2,FALSE) -> ADANA BÜYÜKŞEHİR | C13: ADANA | D13: =CONCATENATE(B13,"/",C13) -> ADANA BÜYÜKŞEHİR/ADANA | E13: İMAMOĞLU | F13: İMAMOĞLU | G13: MUHTEVİYAT | H13: 0 | I13: 0 | J13: 307.9 | K13: 30.79 | L13: -307.9 | M13: -30.79 | O13: =IFERROR(VLOOKUP(D13,'KAPANAN BLD.'!$C$2:$D$793,2,FALSE),0) -> 0 | P13: 0
... A43: TÜM PARTAJLAR | B43: =VLOOKUP(C43,'Büyükşehir List'!$C$2:$D$31,2,FALSE) -> ADANA BÜYÜKŞEHİR | C43: ADANA | D43: =CONCATENATE(B43,"/",C43) -> ADANA BÜYÜKŞEHİR/ADANA | E43: ZEYTİNBEYLİ | F43: ZEYTİNBEYLİ | G43: MUHTEVİYAT | H43: 326.4 | I43: 32.64 | J43: 0 | K43: 0 | L43: 326.4 | M43: 32.64 | O43: =IFERROR(VLOOKUP(D43,'KAPANAN BLD.'!$C$2:$D$793,2,FALSE),0) -> 0 | P43: 0
A44: TÜM PARTAJLAR | B44: =F44 -> GÖLBAŞI | C44: ADIYAMAN | D44: =CONCATENATE(B44,"/",C44) -> GÖLBAŞI/ADIYAMAN | E44: GÖLBAŞI | F44: GÖLBAŞI | G44: BİNA | H44: 68.6 | I44: 6.86 | J44: 0 | K44: 0 | L44: 68.6 | M44: 6.86 | O44: =IFERROR(VLOOKUP(D44,'KAPANAN BLD.'!$C$2:$D$793,2,FALSE),0) -> 0 | P44: 0
A45: TÜM PARTAJLAR | B45: =F45 -> GÖLBAŞI | C45: ADIYAMAN | D45: =CONCATENATE(B45,"/",C45) -> GÖLBAŞI/ADIYAMAN | E45: GÖLBAŞI | F45: GÖLBAŞI | G45: MUHTEVİYAT | H45: 28.7 | I45: 2.87 | J45: 0 | K45: 0 | L45: 28.7 | M45: 2.87 | O45: =IFERROR(VLOOKUP(D45,'KAPANAN BLD.'!$C$2:$D$793,2,FALSE),0) -> 0 | P45: 0
A46: TÜM PARTAJLAR | B46: =F46 -> BESNİ | C46: ADIYAMAN | D46: =CONCATENATE(B46,"/",C46) -> BESNİ/ADIYAMAN | E46: BESNİ | F46: BESNİ | G46: BİNA | H46: 124.1 | I46: 12.41 | J46: 0 | K46: 0 | L46: 124.1 | M46: 12.41 | O46: =IFERROR(VLOOKUP(D46,'KAPANAN BLD.'!$C$2:$D$793,2,FALSE),0) -> 0 | P46: 0
A47: TÜM PARTAJLAR | B47: =F47 -> BESNİ | C47: ADIYAMAN | D47: =CONCATENATE(B47,"/",C47) -> BESNİ/ADIYAMAN | E47: BESNİ | F47: BESNİ | G47: MUHTEVİYAT | H47: 46.8 | I47: 4.68 | J47: 0 | K47: 0 | L47: 46.8 | M47: 4.68 | O47: =IFERROR(VLOOKUP(D47,'KAPANAN BLD.'!$C$2:$D$793,2,FALSE),0) -> 0 | P47: 0
A48: TÜM PARTAJLAR | B48: =F48 -> KAHTA | C48: ADIYAMAN | D48: =CONCATENATE(B48,"/",C48) -> KAHTA/ADIYAMAN | E48: KAHTA | F48: KAHTA | G48: MUHTEVİYAT | H48: 652 | I48: 65.2 | J48: 0 | K48: 0 | L48: 652 | M48: 65.2 | O48: =IFERROR(VLOOKUP(D48,'KAPANAN BLD.'!$C$2:$D$793,2,FALSE),0) -> 0 | P48: 0
A49: TÜM PARTAJLAR | B49: =F49 -> KAHTA | C49: ADIYAMAN | D49: =CONCATENATE(B49,"/",C49) -> KAHTA/ADIYAMAN | E49: KAHTA | F49: KAHTA | G49: BİNA | H49: 1266.3 | I49: 126.63 | J49: 0 | K49: 0 | L49: 1266.3 | M49: 126.63 | O49: =IFERROR(VLOOKUP(D49,'KAPANAN BLD.'!$C$2:$D$793,2,FALSE),0) -> 0 | P49: 0
A50: TÜM PARTAJLAR | B50: =F50 -> KAHTA | C50: ADIYAMAN | D50: =CONCATENATE(B50,"/",C50) -> KAHTA/ADIYAMAN | E50: KAHTA | F50: KAHTA | G50: MUHTEVİYAT | H50: 2056.8 | I50: 205.68 | J50: 0 | K50: 0 | L50: 2056.8 | M50: 205.68 | O50: =IFERROR(VLOOKUP(D50,'KAPANAN BLD.'!$C$2:$D$793,2,FALSE),0) -> 0 | P50: 0
A51: TÜM PARTAJLAR | B51: =F51 -> KAHTA | C51: ADIYAMAN | D51: =CONCATENATE(B51,"/",C51) -> KAHTA/ADIYAMAN | E51: KAHTA | F51: KAHTA | G51: BİNA | H51: 506.2 | I51: 50.62 | J51: 0 | K51: 0 | L51: 506.2 | M51: 50.62 | O51: =IFERROR(VLOOKUP(D51,'KAPANAN BLD.'!$C$2:$D$793,2,FALSE),0) -> 0 | P51: 0
A52: TÜM PARTAJLAR | B52: =F52 -> GÖLBAŞI | C52: ADIYAMAN | D52: =CONCATENATE(B52,"/",C52) -> GÖLBAŞI/ADIYAMAN | E52: GÖLBAŞI | F52: GÖLBAŞI | G52: BİNA | H52: 9.8 | I52: 0.98 | J52: 0 | K52: 0 | L52: 9.8 | M52: 0.98 | O52: =IFERROR(VLOOKUP(D52,'KAPANAN BLD.'!$C$2:$D$793,2,FALSE),0) -> 0 | P52: 0
A53: TÜM PARTAJLAR | B53: =F53 -> GÖLBAŞI | C53: ADIYAMAN | D53: =CONCATENATE(B53,"/",C53) -> GÖLBAŞI/ADIYAMAN | E53: GÖLBAŞI | F53: GÖLBAŞI | G53: MUHTEVİYAT | H53: 105.6 | I53: 10.56 | J53: 0 | K53: 0 | L53: 105.6 | M53: 10.56 | O53: =IFERROR(VLOOKUP(D53,'KAPANAN BLD.'!$C$2:$D$793,2,FALSE),0) -> 0 | P53: 0
A54: TÜM PARTAJLAR | B54: =F54 -> GÖLBAŞI | C54: ADIYAMAN | D54: =CONCATENATE(B54,"/",C54) -> GÖLBAŞI/ADIYAMAN | E54: GÖLBAŞI | F54: GÖLBAŞI | G54: BİNA | H54: 10.2 | I54: 1.02 | J54: 0 | K54: 0 | L54: 10.2 | M54: 1.02 | O54: =IFERROR(VLOOKUP(D54,'KAPANAN BLD.'!$C$2:$D$793,2,FALSE),0) -> 0 | P54: 0
A55: TÜM PARTAJLAR | B55: =F55 -> SİNCİK | C55: ADIYAMAN | D55: =CONCATENATE(B55,"/",C55) -> SİNCİK/ADIYAMAN | E55: SİNCİK | F55: SİNCİK | G55: BİNA | H55: 5.4 | I55: 0.54 | J55: 0 | K55: 0 | L55: 5.4 | M55: 0.54 | O55: =IFERROR(VLOOKUP(D55,'KAPANAN BLD.'!$C$2:$D$793,2,FALSE),0) -> 0 | P55: 0
... A262: TÜM PARTAJLAR | B262: =F262 -> MERKEZ | C262: AMASYA | D262: =CONCATENATE(B262,"/",C262) -> MERKEZ/AMASYA | E262: MERKEZ | F262: MERKEZ | G262: MUHTEVİYAT | H262: 724.6 | I262: 72.46 | J262: 0 | K262: 0 | L262: 724.6 | M262: 72.46 | O262: =IFERROR(VLOOKUP(D262,'KAPANAN BLD.'!$C$2:$D$793,2,FALSE),0) -> 0 | P262: 0
A263: TÜM PARTAJLAR | B263: =VLOOKUP(C263,'Büyükşehir List'!$C$2:$D$31,2,FALSE) -> ANKARA BÜYÜKŞEHİR | C263: ANKARA | D263: =CONCATENATE(B263,"/",C263) -> ANKARA BÜYÜKŞEHİR/ANKARA | E263: AFŞAR | F263: AFŞAR | G263: MUHTEVİYAT | H263: 2 | I263: 0.2 | J263: 0 | K263: 0 | L263: 2 | M263: 0.2 | O263: =IFERROR(VLOOKUP(D263,'KAPANAN BLD.'!$C$2:$D$793,2,FALSE),0) -> 0 | P263: 0
A264: TÜM PARTAJLAR | B264: =VLOOKUP(C264,'Büyükşehir List'!$C$2:$D$31,2,FALSE) -> ANKARA BÜYÜKŞEHİR | C264: ANKARA | D264: =CONCATENATE(B264,"/",C264) -> ANKARA BÜYÜKŞEHİR/ANKARA | E264: AFŞAR | F264: AFŞAR | G264: BİNA | H264: 2.7 | I264: 0.27 | J264: 0 | K264: 0 | L264: 2.7 | M264: 0.27 | O264: =IFERROR(VLOOKUP(D264,'KAPANAN BLD.'!$C$2:$D$793,2,FALSE),0) -> 0 | P264: 0
A265: TÜM PARTAJLAR | B265: =VLOOKUP(C265,'Büyükşehir List'!$C$2:$D$31,2,FALSE) -> ANKARA BÜYÜKŞEHİR | C265: ANKARA | D265: =CONCATENATE(B265,"/",C265) -> ANKARA BÜYÜKŞEHİR/ANKARA | E265: ANKARA BÜYÜKŞEHİR | F265: ANKARA BÜYÜKŞEHİR | G265: MUHTEVİYAT | H265: 2127.6 | I265: 212.76 | J265: 1275 | K265: 127.5 | L265: 852.6 | M265: 85.26 | O265: =IFERROR(VLOOKUP(D265,'KAPANAN BLD.'!$C$2:$D$793,2,FALSE),0) -> 0 | P265: 0
A266: TÜM PARTAJLAR | B266: =VLOOKUP(C266,'Büyükşehir List'!$C$2:$D$31,2,FALSE) -> ANKARA BÜYÜKŞEHİR | C266: ANKARA | D266: =CONCATENATE(B266,"/",C266) -> ANKARA BÜYÜKŞEHİR/ANKARA | E266: ANKARA BÜYÜKŞEHİR | F266: ANKARA BÜYÜKŞEHİR | G266: BİNA | H266: 2447.1 | I266: 244.71 | J266: 1041.6 | K266: 104.16 | L266: 1405.5 | M266: 140.55 | O266: =IFERROR(VLOOKUP(D266,'KAPANAN BLD.'!$C$2:$D$793,2,FALSE),0) -> 0 | P266: 0
